﻿1,Arbuckle1,Arbuckle,OK,OK - N,Northern Shelf Area,OK-N Shelf Area,OK-N Shelf Area,SWP,Saline,Dolomite,Peritidal,Ordovician,10229,-98.554415,36.399382,6562,572,2640,139,10,NA,NA,50,NA,NA,150000,42,0.0125,0.0125,0.325,0.325,0.325,,,
2,Arbuckle2,Arbuckle,CO,CO-W,Las Animas Arch,CO-Las Animas Arch,Mid-Continent,SWP,Saline,Dolomite,Peritidal,Ordovician,11609,-102.936,38.6494,5890,260,2550,129,14,NA,NA,60,NA,NA,">10,000","60,63,64",0.0125,0.0125,0.325,0.325,0.325,,,
3,Arbuckle3,Arbuckle,KS,KS-NE,Las Animas Arch,KS-Las Animas Arch,Mid-Continent,SWP,Saline,Dolomite,Peritidal,Ordovician,3039,-101.817,39.2763,5870,245,2540,129,14,NA,NA,60,0.1,1500,">10,000","60,63,64",0.0125,0.0125,0.325,0.325,0.325,,,
4,Arbuckle4,Arbuckle,KS,KS-S,Ozark Plateau,KS-Ozark Plateau,Mid-Continent,SWP,Saline,Dolomite,Peritidal,Ordovician,32460,-99.2057,37.695,5365,720,2333,114,10,NA,NA,50,0.1,1500,">10,000","60,63,64",0.0125,0.0125,0.325,0.325,0.325,,,
5,Atoka1,Atoka,TX,TX-W,Permian,TX-Permian,W Tx - NM,SWP,Saline,Carbonate,Shallow Shelf,Pennsylvanian,51294,-102.444,31.7932,10000,372,4474,202,14,NA,NA,43,1.9,310,NA,"51,60,62",0.0125,0.0125,0.325,0.325,0.325,,,
6,Atoka2,Atoka,NM,NM-SE,Permian,NM-Permian,W Tx - NM,SWP,Saline,Carbonate,Shallow Shelf,Pennsylvanian,9346,-103.619,32.9649,10000,372,4474,202,14,NA,NA,43,1.9,310,NA,"51,60,62",0.0125,0.0125,0.325,0.325,0.325,,,
7,Basal Cambrian1,Basal Cambrian,MT,MT-N,Kevin Dome,MT-Kevin Dome,RkMt-MT Kevin Dome,PCOR,Saline,Clastic,Shelf,Cambrian,8799,-111.34087,48.43529,4980,260,NA,NA,9.1,5,14,210,104,223,100000,60,0.0125,0.0125,0.325,0.325,0.325,,,
8,Basal Cambrian2,Basal Cambrian,MT,MT - 12000+,Williston,MT-Williston,Williston-MT,PCOR,Saline,Clastic,Shelf,Cambrian,1927,-104.31671,47.84287,12550,260,NA,NA,3,2,6,115,104,223,100000,60,0.0125,0.0125,0.325,0.325,0.325,,,
9,Basal Cambrian3,Basal Cambrian,MT,MT - 9000-12000,Williston,MT-Williston,Williston-MT,PCOR,Saline,Clastic,Shelf,Cambrian,15745,-105.13416,47.61416,10230,260,NA,NA,6,2,10,140,104,223,100000,"60, 69,70, 71",0.0125,0.0125,0.325,0.325,0.325,,,
10,Basal Cambrian4,Basal Cambrian,MT,MT - 6000-9000,Williston,MT-Williston,Williston-MT,PCOR,Saline,Clastic,Shelf,Cambrian,11275,-106.22496,47.39037,8470,260,NA,NA,9,4,13,165,104,223,100000,"60, 69,70, 71",0.0125,0.0125,0.325,0.325,0.325,,,
11,Basal Cambrian5,Basal Cambrian,ND,ND - 12000+,Williston,ND-Williston,Williston-ND,PCOR,Saline,Clastic,Shelf,Cambrian,13555,-103.00294,47.78437,13400,260,NA,NA,4,0.1,18.8,104,104,223,100000,"60, 69,70, 71",0.0125,0.0125,0.325,0.325,0.325,,,
12,Basal Cambrian6,Basal Cambrian,ND,ND - 9000-12000,Williston,ND-Williston,Williston-ND,PCOR,Saline,Clastic,Shelf,Cambrian,12616,-102.37219,47.22971,10420,260,NA,NA,4,0.7,7.5,135,104,223,100000,"60, 69,70, 71",0.0125,0.0125,0.325,0.325,0.325,,,
13,Basal Cambrian7,Basal Cambrian,ND,ND - 6000-9000,Williston,ND-Williston,Williston-ND,PCOR,Saline,Clastic,Shelf,Cambrian,10823,-100.88397,47.47186,7525,260,NA,NA,8.6,0.8,16.2,190,104,223,100000,"60, 69,70, 71",0.0125,0.0125,0.325,0.325,0.325,,,
14,Basal Cambrian8,Basal Cambrian,ND,ND - 3000-6000,Williston,ND-Williston,Williston-ND,PCOR,Saline,Clastic,Shelf,Cambrian,11350,-99.54196,47.85124,4595,260,NA,NA,13.2,7.8,19.3,220,104,223,100000,"60, 69,70, 71",0.0125,0.0125,0.325,0.325,0.325,,,
15,Basal Sandstone TN Zone 1,Basal Sandstone TN Zone 1,TN,TN-Central,Appalachian,TN-Appalachian,AIM-TN-Appalachian,SECARB,Saline,Clastic,Shallow Shelf,Cambrian,15247,-86.66686,35.78516,5978,112,NA,NA,7,NA,NA,15.9,0.1,132,">10,000","60,61",0.0125,0.0125,0.325,0.325,0.325,,,
16,Basal Sandstone TN Zone 2,Basal Sandstone TN Zone 2,TN,TN-Central,Appalachian,TN-Appalachian,AIM-TN-Appalachian,SECARB,Saline,Clastic,Shallow Shelf,Cambrian,5308,-85.08649,35.73744,8314,128,NA,NA,8,NA,NA,15.9,0.1,132,">10,000","60,61",0.0125,0.0125,0.325,0.325,0.325,,,
17,Canyon1,Canyon,TX,TX-NW,Palo Duro,TX-Palo Duro,W Tx - NM,SWP,Saline,Carbonate,Shallow Shelf,Pennsylvanian,15157,-101.65746,34.678773,5517,724,2390,94,8.5,NA,NA,42,0.6,746,NA,"51,60,62",0.0125,0.0125,0.325,0.325,0.325,,,
18,Canyon2,Canyon,NM,NM-SE,Tucumcari,NM-Tucumcari,W Tx - NM,SWP,Saline,Carbonate,Shallow Shelf,Pennsylvanian,8502,-103.845977,34.630852,5517,724,2390,94,8.5,NA,NA,42,0.6,746,NA,"51,60,62",0.0125,0.0125,0.325,0.325,0.325,,,
19,Canyon3,Canyon,TX,TX-W,Permian,TX-Permian,W Tx - NM,SWP,Saline,Carbonate,Shallow Shelf,Pennsylvanian,49915,-102.456551,31.762763,7850,1000,3180,153,8.5,NA,NA,42,0.6,746,NA,"51,60,62",0.0125,0.0125,0.325,0.325,0.325,,,
20,Canyon4,Canyon,NM,NM-SE,Permian,NM-Permian,W Tx - NM,SWP,Saline,Carbonate,Shallow Shelf,Pennsylvanian,8984,-103.637044,32.933798,7850,1000,3180,153,8.5,NA,NA,42,0.6,746,NA,"51,60,62",0.0125,0.0125,0.325,0.325,0.325,,,
21,Cedar Keys-Lawson1,Cedar Keys-Lawson,FL,NE-Thin-Shallow,South Florida,FL-South Florida,GC-South Florida,SECARB,Saline,Carbonate,Reef,Cretaceous,5666,-81.232485,27.839607,3550,300,NA,100.5,25,24,26,25,5,28,NA,"a,14,45",0.0125,0.0125,0.325,0.325,0.325,,,
22,Cedar Keys-Lawson2,Cedar Keys-Lawson,FL,Central+NW-Thick,South Florida,FL-South Florida,GC-South Florida,SECARB,Saline,Carbonate,Reef,Cretaceous,16981,-81.245866,26.70484,4800,500,NA,113,22,21,24,25,5,28,NA,"a,14,45",0.0125,0.0125,0.325,0.325,0.325,,,
23,Cedar Keys-Lawson3,Cedar Keys-Lawson,FL,S-Thin-Deep,South Florida,FL-South Florida,GC-South Florida,SECARB,Saline,Carbonate,Reef,Cretaceous,889,-80.766134,25.318595,4600,300,NA,111,23,18,25,25,5,28,NA,"a,14,45",0.0125,0.0125,0.325,0.325,0.325,,,
24,Cisco1,Cisco,TX,TX-NW,Palo Duro,TX-Palo Duro,W Tx - NM,SWP,Saline,Carbonate,Shallow Shelf,Pennsylvanian,15012,-101.65746,34.678773,4663,277,2020,86,8.5,NA,NA,66,0.1,1100,NA,"51,60,62",0.0125,0.0125,0.325,0.325,0.325,,,
25,Cisco2,Cisco,NM,NM-SE,Tucumcari,NM-Tucumcari,W Tx - NM,SWP,Saline,Carbonate,Shallow Shelf,Pennsylvanian,8502,-103.845977,34.630852,4663,277,2020,86,8.5,NA,NA,66,0.1,1100,NA,"51,60,62",0.0125,0.0125,0.325,0.325,0.325,,,
26,Cisco3,Cisco,TX,TX-W,Permian,TX-Permian,W Tx - NM,SWP,Saline,Carbonate,Shallow Shelf,Pennsylvanian,49915,-102.456551,31.762763,7340,390,3400,160,8.5,NA,NA,66,0.1,1100,NA,"51,60,62",0.0125,0.0125,0.325,0.325,0.325,,,
27,Cisco4,Cisco,NM,NM-SE,Permian,NM-Permian,W Tx - NM,SWP,Saline,Carbonate,Shallow Shelf,Pennsylvanian,8984,-103.637044,32.933798,7340,390,3400,160,8.5,NA,NA,66,0.1,1100,NA,"51,60,62",0.0125,0.0125,0.325,0.325,0.325,,,
28,Conasauga1,Conasauga,OH,OH - E,Appalachian,OH-Appalachian,AIM-OH Appalachian,MRCSP,Saline,Clastic,Peritidal,Cambrian,22863,-81.972178,40.503295,8000,150,NA,NA,2,1,10,6,3,10,NA,"21,40,44",0.0125,0.0125,0.325,0.325,0.325,,,
29,Copper Ridge1,Copper Ridge,OH,OH - SE,Appalachian,OH-Appalachian,AIM-OH Appalachian,MRCSP,Saline,Dolomite,Peritidal,Cambrian,2607,-81.678052,39.2927679,7000,75,NA,NA,5,1,10,5,1,20,NA,21,0.0125,0.0125,0.325,0.325,0.325,,,
30,Copper Ridge2,Copper Ridge,PA,PA - SW,Appalachian,PA-Appalachian,AIM-PA Appalachian,MRCSP,Saline,Dolomite,Peritidal,Cambrian,3867,-79.902285,40.290126,9000,75,NA,NA,5,1,10,5,1,20,NA,"21,41",0.0125,0.0125,0.325,0.325,0.325,,,
31,Copper Ridge3,Copper Ridge,WV,WV - W,Appalachian,WV-Appalachian,AIM-WV Appalachian,MRCSP,Saline,Dolomite,Peritidal,Cambrian,6557,-81.23685539,39.066248,8250,65,NA,NA,10,1,20,100,50,2000,NA,21,0.0125,0.0125,0.325,0.325,0.325,,,
32,Crow Mountain 1,Crow Mountain,WY,WY-NW 13000+,Big Horn,WY-Big Horn,RkMt-WY Big Horn,BSCP,Saline,Clastic,Shallow Shelf,Triassic,1597,-108.620741,44.409192,14000,75,NA,NA,6.5,3,10,100,1,1000,10000,68,0.0125,0.0125,0.325,0.325,0.325,,,
33,Crow Mountain 2,Crow Mountain,MT,MT-S 13000+,Big Horn,WY-Big Horn,RkMt-WY Big Horn,BSCP,Saline,Clastic,Shallow Shelf,Triassic,61,-109.232242,45.100491,14000,75,NA,NA,6.5,3,10,100,1,1000,10000,68,0.0125,0.0125,0.325,0.325,0.325,,,
34,Crow Mountain 3,Crow Mountain,MT,MT-S 3000-13000,Big Horn,WY-Big Horn,RkMt-WY Big Horn,BSCP,Saline,Clastic,Shallow Shelf,Triassic,556,-109.181934,45.186981,8000,75,NA,NA,13.5,5,22,200,1,1000,10000,68,0.0125,0.0125,0.325,0.325,0.325,,,
35,Crow Mountain 4,Crow Mountain,WY,WY-NW 3000-13000,Big Horn,WY-Big Horn,RkMt-WY Big Horn,BSCP,Saline,Clastic,Shallow Shelf,Triassic,3482,-108.405712,44.225225,8000,75,NA,NA,13.5,5,22,200,1,1000,10000,68,0.0125,0.0125,0.325,0.325,0.325,,,
36,Dakota1,Dakota,CO,Piceance,Piceance,CO-Piceance,RkMt-Piceance,SWP,Saline,Clastic,Strandplain,Cretaceous,8935,-108.067845,39.537561,3530,95,1528,90,14,NA,NA,750,NA,NA,35000,42,0.0125,0.0125,0.325,0.325,0.325,,,
37,Dakota2,Dakota,CO,Piceance - N,Piceance,CO-Piceance,RkMt-Piceance,SWP,Saline,Clastic,Strandplain,Cretaceous,3054,-106.286837,40.637939,4650,155,2015,108,14,NA,NA,750,NA,NA,35000,42,0.0125,0.0125,0.325,0.325,0.325,,,
38,Dakota3,Dakota,CO,San Juan - N,San Juan,CO-San Juan,RkMt-San Juan,SWP,Saline,Clastic,Strandplain,Cretaceous,2904,-107.842042,37.196487,5275,187,2285,119,7.5,NA,NA,0.36,NA,NA,13500,42,0.0125,0.0125,0.325,0.325,0.325,,,
39,Dakota4,Dakota,NM,San Juan - S,San Juan,NM-San Juan,RkMt-NM-San Juan,SWP,Saline,Clastic,Strandplain,Cretaceous,11385,-107.860282,36.35666,5646,225,2446,125,17,NA,NA,1,NA,NA,10000,42,0.0125,0.0125,0.325,0.325,0.325,,,
40,Dakota5,Dakota,UT,Uinta,Uinta,UT-Uinta,RkMt-UT Uinta,SWP,Saline,Clastic,Strandplain,Cretaceous,10678,-110.418893,39.731114,8640,130,3740,175,12,NA,NA,20,NA,NA,23000,"42,52",0.0125,0.0125,0.325,0.325,0.325,,,
41,Dakota6,Dakota,CO,Raton - N,Raton,CO-Raton,RkMt-Raton,SWP,Saline,Clastic,Strandplain,Cretaceous,2540,-104.972078,37.354395,5138,99,2226,116,14,NA,NA,0.75,NA,NA,35000,42,0.0125,0.0125,0.325,0.325,0.325,,,
42,Dakota7,Dakota,NM,Raton - S,Raton,NM-Raton,RkMt-Raton,SWP,Saline,Clastic,Strandplain,Cretaceous,1427,-104.972436,36.767704,5158,83,2235,117,14,NA,NA,0.8,NA,NA,35000,42,0.0125,0.0125,0.325,0.325,0.325,,,
43,Dakota8,Dakota,CO,Denver - CO,Denver,CO-Denver,Denver,SWP,Saline,Clastic,Strandplain,Cretaceous,22831,-103.829364,39.955409,5850,210,2535,128,14,NA,NA,5,NA,NA,13500,42,0.0125,0.0125,0.325,0.325,0.325,,,
44,Dakota9,Dakota,WY,Denver - WY,Denver,WY-Denver,Denver,SWP,Saline,Clastic,Strandplain,Cretaceous,5028,-104.531272,41.662894,7355,125,3185,155,14,NA,NA,3,NA,NA,10000,42,0.0125,0.0125,0.325,0.325,0.325,,,
45,Dakota10,Dakota,NE,Denver - NE,Denver,NE-Denver,Denver,SWP,Saline,Clastic,Strandplain,Cretaceous,8564,-103.237192,41.669831,5075,220,2200,116,14,NA,NA,5,NA,NA,23000,"42,52",0.0125,0.0125,0.325,0.325,0.325,,,
46,Devonian1,Devonian,NM,Permian - NW,Permian,NM-Permian,NM-Permian,SWP,Saline,Carbonate,Shallow Shelf,Devonian,15504,-103.944787,33.04345,10328,100,4665,160,6,NA,NA,10,NA,NA,100000,42,0.0125,0.0125,0.325,0.325,0.325,,,
47,Domengine1,Domengine,CA,Sacramento - S,Sacramento,CA-Sac Tertiary,CA - Central,WESTCARB,Saline,Clastic,Shallow Shelf,Tertiary,2069,-121.369673,38.049534,4200,375,NA,NA,28,15,30,100,10,1700,NA,"3,14,16",0.0125,0.0125,0.325,0.325,0.325,,,
48,Duperow-Lower1,Duperow - Lower,MT,MT-CENT,Kevin Dome,MT-Kevin Dome,RkMt-MT-Kevin Dome,BSCP,Saline,Carbonate,Peritidal,Devonian,4809,-111.575668,48.433261,3800,300,NA,NA,12.5,10,15,20,1,50,">10,000","5,47",0.0125,0.0125,0.325,0.325,0.325,,,
49,Duperow-Upper1,Duperow - Upper,MT,MT-CENT,Kevin Dome,MT-Kevin Dome,RkMt-MT-Kevin Dome,BSCP,Saline,Carbonate,Peritidal,Devonian,4809,-111.575668,48.433261,3400,400,NA,NA,7,5,10,10,1,50,">10,000","5,47",0.0125,0.0125,0.325,0.325,0.325,,,
50,Entrada1,Entrada,CO,Piceance,Piceance,CO-Piceance,RkMt-Piceance,SWP,Saline,Clastic,Eolian,Jurassic,9237,-108.04389,39.586576,4675,160,2025,109,16.5,NA,NA,350,NA,NA,11000,42,0.0125,0.0125,0.325,0.325,0.325,,,
51,Entrada2,Entrada,UT,Uinta,Uinta,UT-Uinta,RkMt-UT Uinta,SWP,Saline,Clastic,Eolian,Jurassic,10799,-110.40894,39.645765,7240,670,3140,150,16.5,NA,NA,100,NA,NA,10000,42,0.0125,0.0125,0.325,0.325,0.325,,,
52,Entrada3,Entrada,CO,Raton - N,Raton,CO-Raton,RkMt-Raton,SWP,Saline,Clastic,Eolian,Jurassic,3369,-104.92272,37.393966,7366,71,3190,153,16.5,NA,NA,300,NA,NA,8500,42,0.0125,0.0125,0.325,0.325,0.325,,,
53,Entrada4,Entrada,NM,Raton - S,Raton,NM-Raton,RkMt-Raton,SWP,Saline,Clastic,Eolian,Jurassic,1892,-104.83322,36.780506,5625,89,2437,125,16.5,NA,NA,200,NA,NA,11000,42,0.0125,0.0125,0.325,0.325,0.325,,,
54,Entrada5,Entrada,CO,Denver Basin - CO,Denver,CO-Denver,Denver,SWP,Saline,Clastic,Eolian,Jurassic,28232,-103.74467,39.716428,7501,75,3249,155,15.7,NA,NA,31,NA,NA,11000,42,0.0125,0.0125,0.325,0.325,0.325,,,
55,Entrada6,Entrada,WY,Denver Basin - WY,Denver,WY-Denver,Denver,SWP,Saline,Clastic,Eolian,Jurassic,5028,-104.53127,41.662894,7163,382,3103,150,15.7,NA,NA,31,NA,NA,11000,42,0.0125,0.0125,0.325,0.325,0.325,,,
56,Entrada7,Entrada,NE,Denver Basin - NE,Denver,NE-Denver,Denver,SWP,Saline,Clastic,Eolian,Jurassic,8564,-103.23719,41.669831,7522,151,3258,156,15.7,NA,NA,31,NA,NA,10000,42,0.0125,0.0125,0.325,0.325,0.325,,,
57,Entrada8,Entrada,CO,San Juan Basin - N,San Juan,CO-San Juan,RkMt-San Juan,SWP,Saline,Clastic,Eolian,Jurassic,1705,-107.90834,37.152901,3391,161,1470,87,20,NA,NA,370,NA,NA,8500,42,0.0125,0.0125,0.325,0.325,0.325,,,
58,Entrada9,Entrada,NM,San Juan Basin - S,San Juan,NM-San Juan,RkMt-NM-San Juan,SWP,Saline,Clastic,Eolian,Jurassic,5705,-107.60356,36.504894,3000,130,NA,NA,20,NA,NA,300,NA,NA,11000,42,0.0125,0.0125,0.325,0.325,0.325,,,
59,Eutaw1,Eutaw,MS,MS-S,Gulf Coast Onshore,AL-GC Cretaceous,GC-AL Cretaceous,SECARB,Saline,Clastic,Strandplain,Cretaceous,29518,-89.8942,31.9943,6055,70,2622,NA,25,NA,NA,165,74,980,60000,"59,60",0.0125,0.0125,0.325,0.325,0.325,,,
60,Eutaw2,Eutaw,AL,AL-SW,Gulf Coast Onshore,FL-GC Cretaceous,GC-FL Cretaceous,SECARB,Saline,Clastic,Strandplain,Cretaceous,8478,-87.6484,31.182,5120,50,2217,NA,25,NA,NA,165,74,980,60000,"59,60,65",0.0125,0.0125,0.325,0.325,0.325,,,
61,Eutaw3,Eutaw,FL,FL Panhandle,Gulf Coast Onshore,MS-GC Cretaceous,GC-MS Cretaceous,SECARB,Saline,Clastic,Strandplain,Cretaceous,13014,-85.4061,30.5037,4430,40,1918,NA,24,NA,NA,165,74,980,60000,"59,60",0.0125,0.0125,0.325,0.325,0.325,,,
62,Eutaw4,Eutaw,GA,GA-S,Gulf Coast Onshore,GA-GC Cretaceous,GC-GA Cretaceous,SECARB,Saline,Clastic,Strandplain,Cretaceous,1220,-82.7556,30.8604,3100,50,1342,,20,NA,NA,165,74,980,60000,"59,60",0.0125,0.0125,0.325,0.325,0.325,,,
63,Fountain1a,Fountain,CO,Denver Basin - W,Denver,CO-Denver,Denver,SWP,Saline,Clastic,Fluvial,Pennsylvanian,5044,-104.668143,40.159704,8790,220,4130,241,11,NA,NA,1.25,NA,NA,180000,42,0.0125,0.0125,0.325,0.325,0.325,,,
64,Fountain1b,Fountain,CO,Denver Basin - W,Denver,CO-Denver,Denver,SWP,Saline,Clastic,Fluvial,Pennsylvanian,5044,-104.668143,40.159704,9010,1000,4130,241,10,NA,NA,1.2,NA,NA,180000,42,0.0125,0.0125,0.325,0.325,0.325,,,
65,Fountain2a,Fountain,CO,Denver Basin - central,Denver,CO-Denver,Denver,SWP,Saline,Clastic,Fluvial,Pennsylvanian,2794,-103.683046,40.183498,8790,220,4130,241,11,NA,NA,1.25,NA,NA,180000,42,0.0125,0.0125,0.325,0.325,0.325,,,
66,Fountain2b,Fountain,CO,Denver Basin - central,Denver,CO-Denver,Denver,SWP,Saline,Clastic,Fluvial,Pennsylvanian,2794,-103.683046,40.183498,9010,1000,4130,241,10,NA,NA,1.2,NA,NA,180000,42,0.0125,0.0125,0.325,0.325,0.325,,,
67,Frio1,Frio,TX,Inland Fluvial System,Gulf Coast Onshore,TX-GC Tertiary,GC-TX Tertiary,SECARB,Saline,Clastic,Fluvial,Tertiary,4855,-95.662353,29.795656,3000,400,NA,NA,27.5,25,30,100,10,6000,50000,"14,48,72,73",0.0125,0.0125,0.325,0.325,0.325,,,
68,Frio2,Frio,TX,Inland Fluvial System,Gulf Coast Onshore,TX-GC Tertiary,GC-TX Tertiary,SECARB,Saline,Clastic,Fluvial,Tertiary,4357,-97.928856,27.505359,3000,900,NA,NA,27.5,25,30,100,10,6000,50000,"14,48,72,73",0.0125,0.0125,0.325,0.325,0.325,,,
69,Frio3a,Frio,TX,Hackberry Trend,Gulf Coast Onshore,TX-GC Tertiary,GC-TX Tertiary,SECARB,Saline,Clastic,StrandPlain,Tertiary,1193,-94.2397,30.231406,5000,1000,NA,NA,30,25,30,460,50,6000,105000,"14,48,72,73",0.0125,0.0125,0.325,0.325,0.325,,,
70,Frio3b,Frio,TX,Hackberry Trend,Gulf Coast Onshore,TX-GC Tertiary,GC-TX Tertiary,SECARB,Saline,Clastic,StrandPlain,Tertiary,1193,-94.2397,30.231406,6000,500,NA,NA,28,25,30,440,50,6000,105000,"14,48,72,73",0.0125,0.0125,0.325,0.325,0.325,,,
71,Frio4,Frio,TX,Hackberry Trend,Gulf Coast Onshore,TX-GC Tertiary,GC-TX Tertiary,SECARB,Saline,Clastic,StrandPlain,Tertiary,694,-94.054696,30.027196,7000,800,NA,NA,26,20,30,420,50,6000,105000,"14,48,72,73",0.0125,0.0125,0.325,0.325,0.325,,,
72,Frio5,Frio,TX,Hackberry Trend,Gulf Coast Onshore,TX-GC Tertiary,GC-TX Tertiary,SECARB,Saline,Clastic,StrandPlain,Tertiary,323,-94.045968,29.781957,10000,500,NA,NA,20,15,25,360,50,6000,105000,"14,48,72,73",0.0125,0.0125,0.325,0.325,0.325,,,
73,Frio6,Frio,TX,Houston Embayment,Gulf Coast Onshore,TX-GC Tertiary,GC-TX Tertiary,SECARB,Saline,Clastic,Delta,Tertiary,1889,-95.375951,29.671482,5000,800,NA,NA,35,30,40,500,50,6000,105000,"14,48,72,73",0.0125,0.0125,0.325,0.325,0.325,,,
74,Frio7a,Frio,TX,Houston Embayment,Gulf Coast Onshore,TX-GC Tertiary,GC-TX Tertiary,SECARB,Saline,Clastic,Delta,Tertiary,1537,-95.042701,29.543107,7000,1000,NA,NA,31,25,35,460,50,6000,105000,"14,48,72,73",0.0125,0.0125,0.325,0.325,0.325,,,
75,Frio7b,Frio,TX,Houston Embayment,Gulf Coast Onshore,TX-GC Tertiary,GC-TX Tertiary,SECARB,Saline,Clastic,Delta,Tertiary,1537,-95.042701,29.543107,8000,200,NA,NA,29,25,35,440,50,6000,105000,"14,48,72,73",0.0125,0.0125,0.325,0.325,0.325,,,
76,Frio8,Frio,TX,Houston Embayment,Gulf Coast Onshore,TX-GC Tertiary,GC-TX Tertiary,SECARB,Saline,Clastic,Delta,Tertiary,1200,-95.013667,29.322,10000,650,NA,NA,25,20,30,400,50,6000,105000,"14,48,72,73",0.0125,0.0125,0.325,0.325,0.325,,,
77,Frio9a,Frio,TX,San Marcos Arch,Gulf Coast Onshore,TX-GC Tertiary,GC-TX Tertiary,SECARB,Saline,Clastic,StrandPlain,Tertiary,2342,-96.77459,28.604953,5000,1000,NA,NA,29,25,35,500,50,6000,75000,"14,48,72,73",0.0125,0.0125,0.325,0.325,0.325,,,
78,Frio9b,Frio,TX,San Marcos Arch,Gulf Coast Onshore,TX-GC Tertiary,GC-TX Tertiary,SECARB,Saline,Clastic,StrandPlain,Tertiary,2342,-96.77459,28.604953,6000,500,NA,NA,27,25,35,460,50,6000,75000,"14,48,72,73",0.0125,0.0125,0.325,0.325,0.325,,,
79,Frio10,Frio,TX,San Marcos Arch,Gulf Coast Onshore,TX-GC Tertiary,GC-TX Tertiary,SECARB,Saline,Clastic,StrandPlain,Tertiary,2317,-96.504083,28.515991,7000,1000,NA,NA,25,20,30,440,50,6000,75000,"14,48,72,73",0.0125,0.0125,0.325,0.325,0.325,,,
80,Frio11,Frio,TX,San Marcos Arch,Gulf Coast Onshore,TX-GC Tertiary,GC-TX Tertiary,SECARB,Saline,Clastic,StrandPlain,Tertiary,259,-95.673953,28.902424,10000,600,NA,NA,31,30,40,380,50,6000,105000,"14,48,72,73",0.0125,0.0125,0.325,0.325,0.325,,,
81,Frio12a,Frio,TX,Rio Grande Embayment,Gulf Coast Onshore,TX-GC Tertiary,GC-TX Tertiary,SECARB,Saline,Clastic,Delta,Tertiary,2121,-97.944623,26.857127,5000,1000,NA,NA,27,25,35,500,50,6000,75000,"14,48,72,73",0.0125,0.0125,0.325,0.325,0.325,,,
82,Frio12b,Frio,TX,Rio Grande Embayment,Gulf Coast Onshore,TX-GC Tertiary,GC-TX Tertiary,SECARB,Saline,Clastic,Delta,Tertiary,2121,-97.944623,26.857127,6000,1000,NA,NA,25,20,30,480,50,6000,75000,"14,48,72,73",0.0125,0.0125,0.325,0.325,0.325,,,
83,Frio13a,Frio,TX,Rio Grande Embayment,Gulf Coast Onshore,TX-GC Tertiary,GC-TX Tertiary,SECARB,Saline,Clastic,Delta,Tertiary,1762,-97.658205,26.763223,7000,1000,NA,NA,23,20,30,460,50,6000,75000,"14,48,72,73",0.0125,0.0125,0.325,0.325,0.325,,,
84,Frio13b,Frio,TX,Rio Grande Embayment,Gulf Coast Onshore,TX-GC Tertiary,GC-TX Tertiary,SECARB,Saline,Clastic,Delta,Tertiary,1762,-97.658205,26.763223,8000,1000,NA,NA,21,15,25,440,50,6000,75000,"14,48,72,73",0.0125,0.0125,0.325,0.325,0.325,,,
85,Frio13c,Frio,TX,Rio Grande Embayment,Gulf Coast Onshore,TX-GC Tertiary,GC-TX Tertiary,SECARB,Saline,Clastic,Delta,Tertiary,1762,-97.658205,26.763223,9000,1000,NA,NA,19,15,25,420,50,6000,75000,"14,48,72,73",0.0125,0.0125,0.325,0.325,0.325,,,
86,Fusselman1,Fusselman,TX,TX-W,Permian,TX-Permian,W Tx - NM,SWP,Saline,Carbonate,Shallow Shelf,Silurian,51068,-102.444,31.7932,10810,443,4683,210,16.5,NA,NA,0.1,NA,NA,NA,"60,62",0.0125,0.0125,0.325,0.325,0.325,,,
87,Fusselman2,Fusselman,NM,NM-SE,Permian,NM-Permian,W Tx - NM,SWP,Saline,Carbonate,Shallow Shelf,Silurian,9346,-103.619,32.9649,10810,443,4683,210,16.5,NA,NA,0.1,NA,NA,NA,"60,62",0.0125,0.0125,0.325,0.325,0.325,,,
88,Glorieta1,Glorieta,NM,NM-Central,Albuquerque,NM-Albuquerque,NM-Permian,SWP,Saline,Clastic,Shallow Shelf,Permian,1834,-106.359433,35.331517,4688,262,2031,109,8.5,NA,NA,9,NA,NA,80000,"42,b",0.0125,0.0125,0.325,0.325,0.325,,,
89,Green River1,Green River,UT,Uinta,Uinta,UT-Uinta,RkMt-UT Uinta,SWP,Saline,Clastic,Fluvial,Tertiary,5420,-109.986768,39.986064,5250,25,2450,125,12,NA,NA,7,NA,NA,135600,"42,52",0.0125,0.0125,0.325,0.325,0.325,,,
90,Hermosa1a,Hermosa,CO,Paradox - SE,Paradox,CO-Paradox,RkMt-Paradox,SWP,Saline,Carbonate,Peritidal,Pennsylvanian,1466,-108.330134,37.163962,7395,880,3475,178,8,NA,NA,10,NA,NA,112500,42,0.0125,0.0125,0.325,0.325,0.325,,,
91,Hermosa1b,Hermosa,CO,Paradox - SE,Paradox,CO-Paradox,RkMt-Paradox,SWP,Saline,Carbonate,Peritidal,Pennsylvanian,1466,-108.330134,37.163962,8275,1000,3475,178,7.5,NA,NA,9,NA,NA,112500,42,0.0125,0.0125,0.325,0.325,0.325,,,
92,Knox1,Knox,IL,IL - 3000-6000,Illinois,IL-Illinois,AIM-Illinois,MGSC,Saline,Dolomite,Peritidal,Ordovician,10500,-88.8089,38.8847,4630,500,NA,NA,6.5,4,11,90,10,250,80000,60,0.0125,0.0125,0.325,0.325,0.325,,,
93,Knox2,Knox,IL,IL - 6000-9000,Illinois,IL-Illinois,AIM-Illinois,MGSC,Saline,Dolomite,Peritidal,Ordovician,5560,-88.4987,38.1531,7300,600,NA,NA,3.5,4,4,65,1,400,140000,60,0.0125,0.0125,0.325,0.325,0.325,,,
94,Knox3,Knox,IN,IN - 3000-6000,Illinois,IN-Illinois,AIM-IN Illinois,MGSC,Saline,Dolomite,Peritidal,Ordovician,4930,-87.1143,38.6993,4315,500,NA,NA,7.5,4,11,110,10,250,80000,60,0.0125,0.0125,0.325,0.325,0.325,,,
95,Knox4,Knox,IN,IN - 6000-9000,Illinois,IN-Illinois,AIM-IN Illinois,MGSC,Saline,Dolomite,Peritidal,Ordovician,1275,-87.6386,38.0852,7105,600,NA,NA,3.5,4,4,65,1,400,140000,60,0.0125,0.0125,0.325,0.325,0.325,,,
96,Knox5,Knox,KY,KY - 3000-6000,Illinois,KY-Illinois,AIM-KY Illinois,MGSC,Saline,Dolomite,Peritidal,Ordovician,2610,-87.2952,37.4824,4670,500,NA,NA,6.5,4,11,90,10,250,80000,60,0.0125,0.0125,0.325,0.325,0.325,,,
97,Knox6,Knox,KY,KY - 6000-9000,Illinois,KY-Illinois,AIM-KY Illinois,MGSC,Saline,Dolomite,Peritidal,Ordovician,1700,-87.624,37.5415,7160,600,NA,NA,3.5,4,4,65,1,400,140000,60,0.0125,0.0125,0.325,0.325,0.325,,,
98,Leadville1,Leadville,CO,Paradox - SE,Paradox,CO-Paradox,RkMt-Paradox,SWP,Saline,Limestone,Peritidal,Mississippian,1466,-108.330134,37.163962,9275,180,3996,159,8,NA,NA,10,NA,NA,72000,42,0.0125,0.0125,0.325,0.325,0.325,,,
99,Leonard1,Leonard,TX,TX-NW,Permian,TX-Permian,W Tx - NM,SWP,Saline,Carbonate,Shallow Shelf,Permian,51294,-102.444,31.7932,5808,1000,2516,128,9,NA,NA,10,NA,NA,NA,"51,60,62",0.0125,0.0125,0.325,0.325,0.325,,,
100,Leonard2,Leonard,NM,NM-SE,Permian,NM-Permian,W Tx - NM,SWP,Saline,Carbonate,Shallow Shelf,Permian,9346,-103.619,32.9469,5808,1000,2516,128,9,NA,NA,10,NA,NA,NA,"51,60,62",0.0125,0.0125,0.325,0.325,0.325,,,
101,Lower Tuscaloosa1,Lower Tuscaloosa,AL,AL-S,Gulf Coast Onshore,AL-GC Cretaceous,GC-AL Cretaceous,SECARB,Saline,Clastic,Shallow Shelf,Cretaceous,10592,-87.054397,31.45445,4500,400,NA,NA,25,19,29,300,50,1000,NA,11,0.0125,0.0125,0.325,0.325,0.325,,,
102,Lower Tuscaloosa2,Lower Tuscaloosa,AL,AL-SW,Gulf Coast Onshore,AL-GC Cretaceous,GC-AL Cretaceous,SECARB,Saline,Clastic,StrandPlain,Cretaceous,2571,-87.980554,30.736916,7000,600,NA,NA,23,19,29,240,50,1000,NA,11,0.0125,0.0125,0.325,0.325,0.325,,,
103,Lower Tuscaloosa3,Lower Tuscaloosa,FL,FL-NW,Gulf Coast Onshore,FL-GC Cretaceous,GC-FL Cretaceous,SECARB,Saline,Clastic,StrandPlain,Cretaceous,9454,-85.802593,30.513013,7000,370,NA,NA,26,26,28,240,NA,NA,NA,11,0.0125,0.0125,0.325,0.325,0.325,,,
104,Lower Tuscaloosa4,Lower Tuscaloosa,FL,FL-N,Gulf Coast Onshore,FL-GC Cretaceous,GC-FL Cretaceous,SECARB,Saline,Clastic,Shallow Shelf,Cretaceous,1889,-84.247302,30.432467,4000,200,NA,NA,28,26,28,300,NA,NA,NA,11,0.0125,0.0125,0.325,0.325,0.325,,,
105,Lower Tuscaloosa5,Lower Tuscaloosa,GA,GA-S,Gulf Coast Onshore,GA-GC Cretaceous,GC-GA Cretaceous,SECARB,Saline,Clastic,Shallow Shelf,Cretaceous,2855,-84.459381,31.008075,3500,180,NA,NA,27,25,29,300,NA,NA,NA,11,0.0125,0.0125,0.325,0.325,0.325,,,
106,Lower Tuscaloosa6,Lower Tuscaloosa,LA,LA-NE,Gulf Coast Onshore,LA-GC Cretaceous,GC-LA Cretaceous,SECARB,Saline,Clastic,Delta,Cretaceous,13556,-92.129244,31.796701,4500,200,NA,NA,24,22,24,300,24,2000,NA,11,0.0125,0.0125,0.325,0.325,0.325,,,
107,Lower Tuscaloosa7,Lower Tuscaloosa,LA,LA-E,Gulf Coast Onshore,LA-GC Cretaceous,GC-LA Cretaceous,SECARB,Saline,Clastic,Delta,Cretaceous,2857,-90.441911,30.770204,10000,300,NA,NA,22,22,24,100,24,2000,NA,11,0.0125,0.0125,0.325,0.325,0.325,,,
108,Lower Tuscaloosa8,Lower Tuscaloosa,MS,MS-CENT,Gulf Coast Onshore,MS-GC Cretaceous,GC-MS Cretaceous,SECARB,Saline,Clastic,Delta,Cretaceous,13379,-89.913294,32.332237,4500,350,2025,NA,23,16,29,500,226,4170,NA,11,0.0125,0.0125,0.325,0.325,0.325,,,
109,Lower Tuscaloosa9,Lower Tuscaloosa,MS,MS-S,Gulf Coast Onshore,MS-GC Cretaceous,GC-MS Cretaceous,SECARB,Saline,Clastic,Delta,Cretaceous,8003,-90.094294,31.364063,10000,400,4500,NA,22,16,29,200,4,4170,NA,11,0.0125,0.0125,0.325,0.325,0.325,,,
110,Lower Tuscaloosa10,Lower Tuscaloosa,MS,MS-SE,Gulf Coast Onshore,MS-GC Cretaceous,GC-MS Cretaceous,SECARB,Saline,Clastic,Delta,Cretaceous,4393,-89.078338,30.725223,8000,650,3600,NA,21,16,29,400,67,3080,NA,11,0.0125,0.0125,0.325,0.325,0.325,,,
111,Lyons1,Lyons,CO,Denver Basin - W,Denver,CO-Denver,Denver,SWP,Saline,Clastic,Eolian,Permian,5044,-104.668143,40.159704,7500,100,3525,187,12,NA,NA,88,NA,NA,32000,42,0.0125,0.0125,0.325,0.325,0.325,,,
112,Lyons2,Lyons,CO,Denver Basin - central,Denver,CO-Denver,Denver,SWP,Saline,Clastic,Eolian,Permian,2784,-103.683046,40.183498,7500,100,3525,187,12,NA,NA,88,NA,NA,32000,42,0.0125,0.0125,0.325,0.325,0.325,,,
113,Lyons3,Lyons,CO,Canon City,Canon City,CO-Canon City,RkMt-Canon City,SWP,Saline,Clastic,Eolian,Permian,1590,-104.934643,38.489322,5625,240,2644,123,4.4,NA,NA,0.9,NA,NA,6293,42,0.0125,0.0125,0.325,0.325,0.325,,,
114,Madison Gp-Mission Canyon Fm1,Madison Gp-Mission Canyon Fm,ND,ND-Shallow,Williston,ND-Williston,Williston-ND,PCOR,Saline,Carbonate,Shallow Shelf,Mississippian,29617,-102.248011,47.523975,6000,407,NA,NA,12,8,16,35,3,68,250000,"14,31,36",0.0125,0.0125,0.325,0.325,0.325,,,
115,Madison Gp-Mission Canyon Fm2,Madison Gp-Mission Canyon Fm,ND,ND-Deep,Williston,ND-Williston,Williston-ND,PCOR,Saline,Carbonate,Shallow Shelf,Mississippian,3536,-103.437718,47.254191,9000,407,NA,NA,10,4,17,9,2,28,275000,"14,31,36",0.0125,0.0125,0.325,0.325,0.325,,,
116,Madison Gp-Mission Canyon Fm3,Madison Gp-Mission Canyon Fm,SD,SD-NW,Williston,SD-Williston,Williston-SD,PCOR,Saline,Carbonate,Shallow Shelf,Mississippian,10420,-102.735499,45.334918,4500,184,NA,NA,10,4,17,9,2,28,NA,"14,31,36",0.0125,0.0125,0.325,0.325,0.325,,,
117,Madison Gp-Mission Canyon Fm4,Madison Gp-Mission Canyon Fm,MT,MT-E,Williston,MT-Williston,Williston-MT,PCOR,Saline,Carbonate,Shallow Shelf,Mississippian,42151,-105.802876,47.237959,6500,545,NA,NA,12,11,14,8,4,8,100000,"14,31,36",0.0125,0.0125,0.325,0.325,0.325,,,
118,Madison1,Madison,WY,WY-NE,Powder River,WY-Powder River,RkMt-WY Powder River,PCOR,Saline,Carbonate,Shallow Shelf,Mississippian,27700,-105.661428,43.852303,11000,833,NA,NA,10,NA,NA,5,NA,NA,"<10,000?","14,31,36",0.0125,0.0125,0.325,0.325,0.325,,,
119,Mesaverde1,Mesaverde,CO,San Juan - N,San Juan,CO-San Juan,RkMt-San Juan,SWP,Saline,Clastic,Shallow Shelf,Cretaceous,2024,-107.789933,37.189233,4864,560,2286,116,12,NA,NA,0.26,NA,NA,26000,42,0.0125,0.0125,0.325,0.325,0.325,,,
120,Mesaverde2,Mesaverde,NM,San Juan - S,San Juan,NM-San Juan,RkMt-NM-San Juan,SWP,Saline,Clastic,Shallow Shelf,Cretaceous,8455,-107.651734,36.36326,3000,319,1410,114,14,NA,NA,0.3,NA,NA,20000,42,0.0125,0.0125,0.325,0.325,0.325,,,
121,Mesaverde3,Mesaverde,UT,Uinta,Uinta,UT-Uinta,RkMt-UT Uinta,SWP,Saline,Clastic,Strandplain,Cretaceous,5006,-109.942216,39.846619,8200,70,3825,180,8,NA,NA,0.1,NA,NA,35130,"42,52",0.0125,0.0125,0.325,0.325,0.325,,,
122,Minnelusa1,Minnelusa,WY,WY-NE,Powder River,WY-Powder River,RkMt-WY Powder River,PCOR,Saline,Clastic,Eolian,Permian,9960,-105.723093,43.969281,11000,295,NA,NA,16,12,24,60,3,80,NA,"46,1,47",0.0125,0.0125,0.325,0.325,0.325,,,
123,Minnelusa2,Minnelusa,MT,MT-SE,Powder River,MT-Powder River,RkMt-MT Powder River,PCOR,Saline,Clastic,Eolian,Permian,3611,-106.228001,45.384305,8000,295,NA,NA,19,12,24,200,38,623,NA,"46,1,47",0.0125,0.0125,0.325,0.325,0.325,,,
124,Mokelumne River1,Mokelumne River,CA,Sacramento - S,Sacramento,CA-Sac Cretaceous,CA - Central,WESTCARB,Saline,Clastic,Shallow Shelf,Cretaceous,2069,-121.369673,38.049534,4700,1000,NA,NA,25,15,30,30,10,1700,NA,"3,14,16",0.0125,0.0125,0.325,0.325,0.325,,,
125,Morrison1,Morrison,CO,San Juan - N,San Juan,CO-San Juan,RkMt-San Juan,SWP,Saline,Clastic,Fluvial,Jurassic,1958,-107.79039,37.195552,5390,846,2335,121,13,NA,NA,15,NA,NA,20000,"42,b",0.0125,0.0125,0.325,0.325,0.325,,,
126,Morrison2,Morrison,NM,San Juan - S,San Juan,NM-San Juan,RkMt-San Juan,SWP,Saline,Clastic,Fluvial,Jurassic,8520,-107.652666,36.368147,5511,883,2388,123,13,NA,NA,15,NA,NA,20000,"42,b",0.0125,0.0125,0.325,0.325,0.325,,,
127,Morrison3,Morrison,CO,Denver - CO,Denver,CO-Denver,Denver,SWP,Saline,Clastic,Fluvial,Jurassic,24922,-103.779655,39.885283,6320,210,2738,136,13,NA,NA,31,NA,NA,49000,"42,b",0.0125,0.0125,0.325,0.325,0.325,,,
128,Morrison4,Morrison,WY,Denver - WY,Denver,WY-Denver,Denver,SWP,Saline,Clastic,Fluvial,Jurassic,5056,-104.516272,41.672577,8091,99,3505,165,13,NA,NA,31,NA,NA,49000,"42,b",0.0125,0.0125,0.325,0.325,0.325,,,
129,Morrison5,Morrison,NE,Denver - NE,Denver,NE-Denver,Denver,SWP,Saline,Clastic,Fluvial,Jurassic,8659,-103.221649,41.666621,5449,179,2360,122,13,NA,NA,31,NA,NA,49000,"42,b",0.0125,0.0125,0.325,0.325,0.325,,,
130,Morrison6,Morrison,WY,WY - S,Green River,WY-Green River,RkMt-WY Green River,SWP,Saline,Clastic,Fluvial,Jurassic,20461,-108.335374,41.721884,4805,286,2082,111,13,NA,NA,21,NA,NA,49000,"42,b",0.0125,0.0125,0.325,0.325,0.325,,,
131,Morrison7,Morrison,UT,UT-NE,Uinta,NM-San Juan,RkMt-UT Uinta,SWP,Saline,Clastic,Fluvial,Jurassic,8007,-110.057661,39.947087,6858,804,2971,145,13,NA,NA,21,NA,NA,49000,"42,b",0.0125,0.0125,0.325,0.325,0.325,,,
132,Morrison8,Morrison,CO,CO-NE,Piceance,CO-Piceance,RkMt-Piceance,SWP,Saline,Clastic,Fluvial,Jurassic,17376,-107.684203,40.148758,6382,435,2765,137,14,NA,NA,30,NA,NA,49000,"42,b",0.0125,0.0125,0.325,0.325,0.325,,,
133,Morrow1,Morrow,OK,OK - NW,Northern Shelf Area,OK-N Shelf Area,OK-N Shelf Area,SWP,Saline,Clastic,Fluvial,Pennsylvanian,66,-99.275392,36.456489,8000,150,3735,212,14,NA,NA,30,NA,NA,16000,42,0.0125,0.0125,0.325,0.325,0.325,,,
134,Mount Simon1,Mount Simon,IL,Mt Simon IL 9+,Illinois,IL-Illinois,AIM-Illinois,MGSC,Saline,Clastic,Strandplain,Cambrian,5533,-88.443941,38.321953,11300,365,4906,174,5,4,7,5,2,10,80000,"a, 10,13, 21,b,74,75",0.0125,0.0125,0.325,0.325,0.325,,,
135,Mount Simon2,Mount Simon,IL,Mt Simon IL 6-9,Illinois,IL-Illinois,AIM-Illinois,MGSC,Saline,Clastic,Strandplain,Cambrian,5957,-88.594741,39.041157,7240,804,3173,134,10,8,12,50,25,100,140000,"a, 10,13, 21,b,74,75",0.0125,0.0125,0.325,0.325,0.325,,,
136,Mount Simon3,Mount Simon,IL,Mt Simon IL 3-6,Illinois,IL-Illinois,AIM-Illinois,MGSC,Saline,Clastic,Strandplain,Cambrian,20633,-89.238991,39.919913,4270,1000,1847,104,12,10,14,125,60,250,NA,"a, 10,13, 21,b,74,75",0.0125,0.0125,0.325,0.325,0.325,,,
137,Mount Simon4,Mount Simon,IN,Mt Simon IN 9+,Illinois,IN-Illinois,AIM-IN Illinois,MGSC,Saline,Clastic,Strandplain,Cambrian,2109,-87.518881,38.174101,11070,474,4795,172,5,4,7,5,2,10,NA,"a, 10,13, 21,b,74,75",0.0125,0.0125,0.325,0.325,0.325,,,
138,Mount Simon5,Mount Simon,IN,Mt Simon IN 6-9,Illinois,IN-Illinois,AIM-IN Illinois,MGSC,Saline,Clastic,Strandplain,Cambrian,5054,-86.946409,38.747523,7050,817,3053,132,10,8,12,50,25,100,130000,"a, 10,13, 21,b,74,75",0.0125,0.0125,0.325,0.325,0.325,,,
139,Mount Simon6,Mount Simon,IN,Mt Simon IN 3-6,Illinois,IN-Illinois,AIM-IN Illinois,MGSC,Saline,Clastic,Strandplain,Cambrian,29370,-86.053129,40.205727,4700,982,2035,108,11,9,13,100,50,200,NA,"a, 10,13, 21,b,74,75",0.0125,0.0125,0.325,0.325,0.325,,,
140,Mount Simon7,Mount Simon,MI,Mt Simon MI-W 3-6,Michigan,MI-Michigan,AIM-Michigan,MRCSP,Saline,Clastic,Strandplain,Cambrian,5446,-85.777388,42.285556,4000,850,NA,NA,12,10,14,125,60,250,NA,"a, 10,13, 21,b,74,75",0.0125,0.0125,0.325,0.325,0.325,,,
141,Mount Simon8,Mount Simon,MI,Mt Simon MI-E 3-6,Michigan,MI-Michigan,AIM-Michigan,MRCSP,Saline,Clastic,Strandplain,Cambrian,4788,-83.66684,42.225355,4000,250,NA,NA,12,10,14,125,60,250,NA,"a, 10,13, 21,b,74,75",0.0125,0.0125,0.325,0.325,0.325,,,
142,Mount Simon9,Mount Simon,MI,Mt Simon MI 6+,Michigan,MI-Michigan,AIM-Michigan,MRCSP,Saline,Clastic,Strandplain,Cambrian,31073,-84.57742,43.875775,9000,800,NA,180,5,4,7,5,2,10,200000,"a, 10,13, 21,b,74,75",0.0125,0.0125,0.325,0.325,0.325,,,
143,Mount Simon10,Mount Simon,OH,Mt Simon OH 3-6,Arch-Findlay,OH-Findlay Arch,AIM-Arch-Findley,MGSC,Saline,Clastic,Strandplain,Cambrian,21400,-83.760229,40.092839,3000,200,NA,NA,12,10,14,125,60,250,NA,"a, 10,13, 21,b,74,75",0.0125,0.0125,0.325,0.325,0.325,,,
144,Mount Simon11,Mount Simon,KY,Mt Simon KY 3-6,Arch-Cincinnati,KY-Cincinnati Arch,AIM-Arch-Cincinnati,MGSC,Saline,Clastic,Strandplain,Cambrian,10350,-84.596499,38.291331,4500,200,NA,NA,10,8,12,50,25,100,NA,"a, 10,13, 21,b,74,75",0.0125,0.0125,0.325,0.325,0.325,,,
145,Muddy1,Muddy,WY,Big Horn 13+,Big Horn,WY-Big Horn,RkMt-WY Big Horn,BSCP,Saline,Clastic,Shallow Shelf,Cretaceous,1022,-108.550954,44.316664,13000,36,NA,NA,7,5,9,0.5,0.1,10,NA,"46,1,47,62",0.0125,0.0125,0.325,0.325,0.325,,,
146,Muddy2,Muddy,WY,Big Horn 3-13,Big Horn,WY-Big Horn,RkMt-WY Big Horn,BSCP,Saline,Clastic,Shallow Shelf,Cretaceous,3291,-108.409006,44.294862,8000,36,NA,NA,15,12,18,20,0.1,300,NA,"46,1,47,62",0.0125,0.0125,0.325,0.325,0.325,,,
147,Muddy3,Muddy,MT,Big Horn 3-13,Big Horn,MT-Big Horn,RkMt-MT Big Horn,BSCP,Saline,Clastic,Shallow Shelf,Cretaceous,499,-109.117305,45.152116,8000,36,NA,NA,15,12,18,20,0.1,300,NA,"46,1,47,62",0.0125,0.0125,0.325,0.325,0.325,,,
148,Muddy4,Muddy,WY,Powder River - WY,Powder River,WY-Powder River,RkMt-WY Powder River,PCOR,Saline,Clastic,Shallow Shelf,Cretaceous,15800,-105.485103,43.952374,10000,40,NA,NA,14,12.2,20,70,0.2,200,NA,"46,1,47,62",0.0125,0.0125,0.325,0.325,0.325,,,
149,Muddy5,Muddy,MT,Powder River - MT,Powder River,MT-Powder River,RkMt-MT Powder River,PCOR,Saline,Clastic,Shallow Shelf,Cretaceous,6651,-106.220976,45.399568,8000,50,NA,NA,15,12,18,90,0.1,300,NA,"5,6,16",0.0125,0.0125,0.325,0.325,0.325,,,
150,Muddy6,Muddy,WY,Wind River - WY,Wind River,WY-Wind River,RkMt-WY Wind River,BSCP,Saline,Clastic,Shallow Shelf,Cretaceous,4500,-108.206038,43.008924,10000,50,NA,NA,11,7,20,100,0.7,237,NA,"5,6,16",0.0125,0.0125,0.325,0.325,0.325,,,
151,Muddy7,Muddy,CO,Green River - CO,Green River,CO-Green River,RkMt-CO Green River,BSCP,Saline,Clastic,Shallow Shelf,Cretaceous,5877,-107.939045,40.611594,7358,124,3188,153,15,7,20,20,0.1,300,NA,"5,6,16,b",0.0125,0.0125,0.325,0.325,0.325,,,
152,Muddy8,Muddy,WY,Green River - WY,Green River,WY-Green River,RkMt-WY Green River,BSCP,Saline,Clastic,Shallow Shelf,Cretaceous,22707,-108.488886,41.830741,5792,51,2509,127,15,7,20,20,0.1,300,NA,"5,6,16,b",0.0125,0.0125,0.325,0.325,0.325,,,
153,Nugget1,Nugget,CO,Green River - CO,Green River,CO-Green River,RkMt-CO Green River,BSCP,Saline,Clastic,Eolian,Triassic,5877,-107.939045,40.611594,9450,428,4095,188,14,12,18,100,0.1,300,NA,"5,6,16,b",0.0125,0.0125,0.325,0.325,0.325,,,
154,Nugget2,Nugget,WY,Green River - WY,Green River,WY-Green River,RkMt-WY Green River,BSCP,Saline,Clastic,Eolian,Triassic,22707,-108.488886,41.830741,9963,382,4316,196,14,12,18,100,0.1,300,NA,"5,6,16,b",0.0125,0.0125,0.325,0.325,0.325,,,
155,Oriskany1,Oriskany,MD,MD,Appalachian,MD-Appalachian,AIM-MD Appalachian,MRCSP,Saline,Clastic,Shallow Shelf,Devonian,838,-79.197851,39.539686,7271,145,NA,NA,4.2,0.5,7.3,1.5,0.8,1.8,250000,"a,15,21,30",0.0125,0.0125,0.325,0.325,0.325,,,
156,Oriskany2,Oriskany,OH,OH - CENT,Appalachian,OH-Appalachian,AIM-OH Appalachian,MRCSP,Saline,Clastic,Shallow Shelf,Devonian,3481,-81.432463,40.061158,3915,13,NA,NA,7,2,17,42.7,0.1,185,250000,"a,15,21,30",0.0125,0.0125,0.325,0.325,0.325,,,
157,Oriskany3,Oriskany,OH,OH - E,Appalachian,OH-Appalachian,AIM-OH Appalachian,MRCSP,Saline,Clastic,Shallow Shelf,Devonian,2764,-80.838843,40.475961,4711,37,NA,NA,5.3,0.7,12.8,1.6,0.2,100,250000,"a,15,21,30",0.0125,0.0125,0.325,0.325,0.325,,,
158,Oriskany4,Oriskany,PA,PA - CENT,Appalachian,PA-Appalachian,AIM-PA Appalachian,MRCSP,Saline,Clastic,Shallow Shelf,Devonian,18918,-77.929209,40.91741,7323,55,NA,NA,4,1.8,7.2,1,0.1,100,250000,"a,15,21,30",0.0125,0.0125,0.325,0.325,0.325,,,
159,Oriskany5,Oriskany,PA,PA - W,Appalachian,PA-Appalachian,AIM-PA Appalachian,MRCSP,Saline,Clastic,Shallow Shelf,Devonian,9836,-78.99886,41.504503,4703,36,NA,NA,5.3,0.7,12.8,1.6,0.2,100,250000,"a,15,21,30",0.0125,0.0125,0.325,0.325,0.325,,,
160,Oriskany6,Oriskany,WV,WV - CENT,Appalachian,WV-Appalachian,AIM-WV Appalachian,MRCSP,Saline,Clastic,Shallow Shelf,Devonian,15402,-80.507288,38.593152,6872,83,NA,NA,4,1.8,7.2,1,0.1,100,250000,"a,15,21,30",0.0125,0.0125,0.325,0.325,0.325,,,
161,Oriskany7,Oriskany,WV,WV - W,Appalachian,WV-Appalachian,AIM-WV Appalachian,MRCSP,Saline,Clastic,Shallow Shelf,Devonian,6078,-81.798152,38.455235,4733,31,NA,NA,5.3,0.7,12.8,1.6,0.2,100,250000,"a,15,21,30",0.0125,0.0125,0.325,0.325,0.325,,,
162,Paluxy1,Paluxy,TX,Deep,East Texas,TX-East Texas,GC-TX East Texas,SECARB,Saline,Clastic,Delta,Cretaceous,409,-95.422424,32.490719,9200,430,NA,212.2,20,10,22,250,200,300,NA,14,0.0125,0.0125,0.325,0.325,0.325,,,
163,Paluxy2,Paluxy,TX,Medium,East Texas,TX-East Texas,GC-TX East Texas,SECARB,Saline,Clastic,Delta,Cretaceous,8108,-95.420633,32.267313,6600,330,NA,170.6,23,10,26,600,200,1000,NA,14,0.0125,0.0125,0.325,0.325,0.325,,,
164,Paluxy3,Paluxy,TX,Shallow,East Texas,TX-East Texas,GC-TX East Texas,SECARB,Saline,Clastic,Delta,Cretaceous,11534,-95.242972,32.316896,4100,260,NA,130.6,25,22,26,2500,1000,4000,NA,14,0.0125,0.0125,0.325,0.325,0.325,,,
165,Paluxy4,Paluxy,AL,AL-SW,Gulf Coast Onshore,AL-GC Cretaceous,GC-AL Cretaceous,SECARB,Saline,Clastic,Delta,Cretaceous,16568,-87.321291,31.485687,8470,470,NA,NA,23,NA,NA,25,8,42,NA,"59,60,64",0.0125,0.0125,0.325,0.325,0.325,,,
166,Paluxy5,Paluxy,FL,FL-Panhandle,Gulf Coast Onshore,FL-GC Cretaceous,GC-FL Cretaceous,SECARB,Saline,Clastic,Delta,Cretaceous,9820,-85.850991,30.522298,6630,480,NA,NA,23,NA,NA,25,8,42,NA,"59,60,65",0.0125,0.0125,0.325,0.325,0.325,,,
167,Paluxy6,Paluxy,MS,MS-S,Gulf Coast Onshore,MS-GC Cretaceous,GC-MS Cretaceous,SECARB,Saline,Clastic,Delta,Cretaceous,25226,-89.648985,31.766773,9450,650,NA,NA,15,NA,NA,25,8,42,NA,"59,60,66",0.0125,0.0125,0.325,0.325,0.325,,,
168,Paradox1,Paradox,UT,Paradox - NW,Paradox,UT-Paradox,RkMt-UT Paradox,SWP,Saline,Carbonate,Shallow Shelf,Pennsylvanian,10192,-109.183889,38.093912,5250,30,2450,125,12,NA,NA,5,NA,NA,136000,"42,47",0.0125,0.0125,0.325,0.325,0.325,,,
169,Potsdam1,Potsdam,PA,PA - NW,Appalachian,PA-Appalachian,AIM-PA Appalachian,MRCSP,Saline,Clastic,Peritidal,Cambrian,8421,-79.37743,41.538398,8200,100,NA,NA,2,NA,NA,0.1,NA,NA,NA,"a,15,21,44",0.0125,0.0125,0.325,0.325,0.325,,,
170,Queen1,Queen,TX,TX-NW,Palo Duro,TX-Palo Duro,W Tx - NM,SWP,Saline,Clastic,Shallow Shelf,Permian,51294,-101.642,34.6805,3293,370,1427,90,19,NA,NA,22,11,34,NA,"51,60,62",0.0125,0.0125,0.325,0.325,0.325,,,
171,Queen2,Queen,NM,NM-SE,Tucumcari,NM-Tucumcari,W Tx - NM,SWP,Saline,Clastic,Shallow Shelf,Permian,9346,-103.846,34.6309,3293,370,1427,90,19,NA,NA,22,11,34,NA,"51,60,62",0.0125,0.0125,0.325,0.325,0.325,,,
172,Red River1,Red River,ND,ND-W,Williston,ND-Williston,Williston-ND,PCOR,Saline,Dolomite,Peritidal,Ordovician,55614,-101.13609,47.614641,9000,530,NA,NA,14,11,16,39,5,268,NA,"a,46,1",0.0125,0.0125,0.325,0.325,0.325,,,
173,Red River2,Red River,MT,MT-E,Williston,MT-Williston,Williston-MT,PCOR,Saline,Dolomite,Peritidal,Ordovician,21307,-105.128084,47.582421,9500,360,NA,NA,14,11,16,35,5,268,NA,"a,46,1",0.0125,0.0125,0.325,0.325,0.325,,,
174,Repetto Sst1,Repetto Sst,CA,Rep-Shallow,Los Angeles,CA-LA Tertiary,Los Angeles,WESTCARB,Saline,Clastic,Slope Basin,Tertiary,51,-118.161213,33.886425,4000,1000,NA,NA,30,22,35,400,10,2300,">20,000","3,14,16",0.0125,0.0125,0.325,0.325,0.325,,,
175,Repetto Sst2a,Repetto Sst,CA,Rep-Medium,Los Angeles,CA-LA Tertiary,Los Angeles,WESTCARB,Saline,Clastic,Slope Basin,Tertiary,320,-118.161213,33.886425,8000,800,NA,NA,25,15,35,200,10,2300,">20,000","3,14,16",0.0125,0.0125,0.325,0.325,0.325,,,
176,Repetto Sst2b,Repetto Sst,CA,Rep-Medium,Los Angeles,CA-LA Tertiary,Los Angeles,WESTCARB,Saline,Clastic,Slope Basin,Tertiary,320,-118.161213,33.886425,8800,1000,NA,NA,24,15,35,190,10,2300,">20,000","3,14,16",0.0125,0.0125,0.325,0.325,0.325,,,
177,Repetto Sst2c,Repetto Sst,CA,Rep-Medium,Los Angeles,CA-LA Tertiary,Los Angeles,WESTCARB,Saline,Clastic,Slope Basin,Tertiary,320,-118.161213,33.886425,9800,1000,NA,NA,22,15,35,170,10,2300,">20,000","3,14,16",0.0125,0.0125,0.325,0.325,0.325,,,
178,Repetto Sst3a,Repetto Sst,CA,Rep-Deep,Los Angeles,CA-LA Tertiary,Los Angeles,WESTCARB,Saline,Clastic,Slope Basin,Tertiary,125,-118.161213,33.886425,12000,700,NA,NA,20,15,35,100,10,2300,">20,000","3,14,16",0.0125,0.0125,0.325,0.325,0.325,,,
179,Repetto Sst3b,Repetto Sst,CA,Rep-Deep,Los Angeles,CA-LA Tertiary,Los Angeles,WESTCARB,Saline,Clastic,Slope Basin,Tertiary,125,-118.161213,33.886425,12700,1000,NA,NA,19,15,35,90,10,2300,">20,000","3,14,16",0.0125,0.0125,0.325,0.325,0.325,,,
180,Repetto Sst3c,Repetto Sst,CA,Rep-Deep,Los Angeles,CA-LA Tertiary,Los Angeles,WESTCARB,Saline,Clastic,Slope Basin,Tertiary,125,-118.161213,33.886425,13700,1000,NA,NA,17,15,35,70,10,2300,">20,000","3,14,16",0.0125,0.0125,0.325,0.325,0.325,,,
181,Repetto Sst3d,Repetto Sst,CA,Rep-Deep,Los Angeles,CA-LA Tertiary,Los Angeles,WESTCARB,Saline,Clastic,Slope Basin,Tertiary,125,-118.161213,33.886425,14700,1000,NA,NA,15,15,35,50,10,2300,">20,000","3,14,16",0.0125,0.0125,0.325,0.325,0.325,,,
182,Rome Trough Sst1,Rome Trough Sst,KY,KY - E,Appalachian,KY-Appalachian,AIM-KY Appalachian,MRCSP,Saline,Clastic,Peritidal,Cambrian,10380,-83.541567,37.313802,11000,100,NA,NA,1,NA,NA,0.1,NA,NA,NA,"a,15,21,44",0.0125,0.0125,0.325,0.325,0.325,,,
183,Rome Trough Sst2,Rome Trough Sst,WV,WV - W,Appalachian,WV-Appalachian,AIM-WV Appalachian,MRCSP,Saline,Clastic,Peritidal,Cambrian,3448,-81.794997,38.546028,15000,75,NA,NA,1,NA,NA,0.1,NA,NA,NA,"a,15,21,44",0.0125,0.0125,0.325,0.325,0.325,,,
184,Rose Run1,Rose Run,KY,KY - E,Appalachian,KY-Appalachian,AIM-KY Appalachian,MRCSP,Saline,Clastic,Peritidal,Cambrian,12133,-83.460799,37.418126,5390,83,NA,NA,8,1,18,4,1,100,NA,"a,15,21,22,b",0.0125,0.0125,0.325,0.325,0.325,,,
185,Rose Run2,Rose Run,OH,OH - E,Appalachian,OH-Appalachian,AIM-OH Appalachian,MRCSP,Saline,Clastic,Peritidal,Cambrian,15800,-81.731723,40.036197,6935,107,NA,NA,9.5,6,14,4,0.1,198,NA,"a,15,21,22,b",0.0125,0.0125,0.325,0.325,0.325,,,
186,Rose Run3,Rose Run,PA,PA - CENT,Appalachian,PA-Appalachian,AIM-PA Appalachian,MRCSP,Saline,Clastic,Peritidal,Cambrian,8201,-78.868883,40.92619,13822,320,NA,NA,8,1,12,3,1,100,NA,"a,15,21,22,b",0.0125,0.0125,0.325,0.325,0.325,,,
187,Rose Run4,Rose Run,PA,PA - NW,Appalachian,PA-Appalachian,AIM-PA Appalachian,MRCSP,Saline,Clastic,Peritidal,Cambrian,6691,-79.692934,41.461703,9344,158,NA,NA,8,6,12,4,1,100,NA,"a,15,21,22,b",0.0125,0.0125,0.325,0.325,0.325,,,
188,Rose Run5,Rose Run,WV,WV - W,Appalachian,WV-Appalachian,AIM-WV Appalachian,MRCSP,Saline,Clastic,Peritidal,Cambrian,7847,-81.534913,38.750221,11244,157,NA,NA,8.2,NA,NA,2.4,NA,NA,NA,"a,15,21,22,42,b",0.0125,0.0125,0.325,0.325,0.325,,,
189,San Andres1,San Andres,NM,NM-SE,Permian,NM-Permian,W Tx - NM,SWP,Saline,Carbonate,Shallow Shelf,Permian,9346,-103.618913,32.9649271,4000,89,1870,100,9,3.1,25,18.6,0.3,461,70000,"42, 51,60,62",0.0125,0.0125,0.325,0.325,0.325,,,
190,San Andres2,San Andres,TX,TX-W,Permian,TX-Permian,W Tx - NM,SWP,Saline,Carbonate,Shallow Shelf,Permian,51068,-102.4437184,31.79324579,5000,89,2330,110,8.5,3.1,25,9.7,0.2,593,70000,"42, 51,60,62",0.0125,0.0125,0.325,0.325,0.325,,,
191,Seven Rivers1,Seven Rivers,NM,NM-SE,Permian,NM-Permian,W Tx - NM,SWP,Saline,Carbonate,Shallow Shelf,Permian,9346,-103.618913,32.9649271,3064,516,1327,82,19,NA,NA,22,0.6,34,NA,"51,60,62",0.0125,0.0125,0.325,0.325,0.325,,,
192,Seven Rivers2,Seven Rivers,TX,TX-W,Permian,TX-Permian,W Tx - NM,SWP,Saline,Carbonate,Shallow Shelf,Permian,51068,-102.4437184,31.79324579,3064,516,1327,82,19,NA,NA,22,0.6,34,NA,"51,60,62",0.0125,0.0125,0.325,0.325,0.325,,,
193,St.Peter1,St.Peter,IL,IL - 3000-6000,Illinois,IL-Illinois,AIM-Illinois,MGSC,Saline,Clastic,Peritidal,Ordovician,10484,-88.8089,38.8847,4400,130,1900,105,7,4,11,100,10,250,80000,"a,13,14,15,44,60",0.0125,0.0125,0.325,0.325,0.325,,,
194,St.Peter2,St.Peter,IL,IL - 6000-9000,Illinois,IL-Illinois,AIM-Illinois,MGSC,Saline,Clastic,Peritidal,Ordovician,5560,-88.4987,38.1531,7080,120,3065,132,4,4,4,75,1,400,140000,"a,13,14,15,44,60",0.0125,0.0125,0.325,0.325,0.325,,,
195,St.Peter3,St.Peter,IN,IN - 3000-6000,Illinois,IN-Illinois,AIM-IN Illinois,MGSC,Saline,Clastic,Peritidal,Ordovician,4930,-87.1143,38.6993,4180,33,1810,103,8,4,11,120,10,250,80000,"a,13,14,15,44,60",0.0125,0.0125,0.325,0.325,0.325,,,
196,St.Peter4,St.Peter,IN,IN - 6000-9000,Illinois,IN-Illinois,AIM-IN Illinois,MGSC,Saline,Clastic,Peritidal,Ordovician,1275,-87.6386,38.0852,6925,80,3000,130,4,4,4,75,1,400,140000,"a,13,14,15,44,60",0.0125,0.0125,0.325,0.325,0.325,,,
197,St.Peter5,St.Peter,KY,KY - 3000-6000,Illinois,KY-Illinois,AIM-KY Illinois,MGSC,Saline,Clastic,Peritidal,Ordovician,2610,-87.2952,37.4824,4545,25,1970,107,7,4,11,100,10,250,80000,"a,13,14,15,44,60",0.0125,0.0125,0.325,0.325,0.325,,,
198,St.Peter6,St.Peter,KY,KY - 6000-9000,Illinois,KY-Illinois,AIM-KY Illinois,MGSC,Saline,Clastic,Peritidal,Ordovician,1700,-87.624,37.5415,7020,40,3040,131,4,4,4,75,1,400,140000,"a,13,14,15,44,60",0.0125,0.0125,0.325,0.325,0.325,,,
199,St.Peter7,St.Peter,MI,MI - N 3000-6000,Michigan,MI-Michigan,AIM-Michigan,MRCSP,Saline,Clastic,Peritidal,Ordovician,2100,-84.296,45.3721,5040,445,NA,NA,9.6,8.4,11.3,100,10,300,NA,"a,13,14,15,44,60",0.0125,0.0125,0.325,0.325,0.325,,,
200,St.Peter8,St.Peter,MI,MI - S 3000-6000,Michigan,MI-Michigan,AIM-Michigan,MRCSP,Saline,Clastic,Peritidal,Ordovician,11160,-85.0621,42.4439,5530,145,NA,NA,8.9,8.4,9.9,85,10,300,NA,"a,13,14,15,44,60",0.0125,0.0125,0.325,0.325,0.325,,,
201,St.Peter9,St.Peter,MI,MI - 6000-9000,Michigan,MI-Michigan,AIM-Michigan,MRCSP,Saline,Clastic,Peritidal,Ordovician,9198,-84.4456,43.7074,7310,450,NA,NA,7,5.5,8.4,75,10,300,NA,"a,13,14,15,44,60",0.0125,0.0125,0.325,0.325,0.325,,,
202,St.Peter10,St.Peter,MI,MI - 9000+,Michigan,MI-Michigan,AIM-Michigan,MRCSP,Saline,Clastic,Peritidal,Ordovician,9200,-84.4233,44.0351,10170,870,NA,NA,4.8,4.1,5.5,50,10,300,NA,"a,13,14,15,44,60",0.0125,0.0125,0.325,0.325,0.325,,,
203,Starkey1,Starkey,CA,Sacramento - S,Sacramento,CA-Sac Cretaceous,CA - Central,WESTCARB,Saline,Clastic,Shallow Shelf,Cretaceous,2069,-121.369673,38.049534,6200,1000,NA,NA,21,15,30,15,10,1700,NA,"3,14,16",0.0125,0.0125,0.325,0.325,0.325,,,
204,Stevens1,Stevens,CA,San Joaquin - S,San Joaquin,CA-SJ Tertiary,CA - Central,WESTCARB,Saline,Clastic,Shallow Shelf,Tertiary,2393,-119.305311,35.410406,7200,200,NA,NA,15,10,40,50,0.2,10000,NA,"3,14,16",0.0125,0.0125,0.325,0.325,0.325,,,
205,Strawn1,Strawn,TX,TX-W,Permian,TX-Permian,W Tx - NM,SWP,Saline,Carbonate,Shallow Shelf,Pennsylvanian,51068,-102.444,31.7932,9800,136,4250,193,10,1,18,12,0.6,85,NA,"51,60,62",0.0125,0.0125,0.325,0.325,0.325,,,
206,Strawn2,Strawn,NM,NM-SE,Permian,NM-Permian,W Tx - NM,SWP,Saline,Carbonate,Shallow Shelf,Pennsylvanian,9346,-103.619,32.9649,9800,136,4250,193,10,1,18,12,0.6,85,NA,"51,60,62",0.0125,0.0125,0.325,0.325,0.325,,,
207,Sunniland1,Sunniland,FL,FL-SW,South Florida,FL-South Florida,GC-South Florida,SECARB,Saline,Carbonate,Reef,Cretaceous,3007,-81.134134,26.063687,11000,250,NA,175,15,10,40,25,NA,NA,150000,45,0.0125,0.0125,0.325,0.325,0.325,,,
208,Sylvania1,Sylvania,MI,MI,Michigan,MI-Michigan,AIM-Michigan,MRCSP,Saline,Clastic,Strandplain,Devonian,19961,-84.696178,43.913044,4023,118,NA,NA,16.6,1,28,100,0,388,NA,"a,13,14,15,44",0.0125,0.0125,0.325,0.325,0.325,,,
209,Tensleep1,Tensleep,WY,WY-NW 3000-13000,Big Horn,WY-Big Horn,RkMt-WY Big Horn,BSCP,Saline,Clastic,Eolian,Pennsylvanian,4310,-108.487012,44.230322,10500,120,NA,NA,8,4,15,100,10,200,"<10,000","5,6,16,68",0.0125,0.0125,0.325,0.325,0.325,,,
210,Tensleep2,Tensleep,WY,WY-NW 13000+,Big Horn,WY-Big Horn,RkMt-WY Big Horn,BSCP,Saline,Clastic,Eolian,Pennsylvanian,1880,-108.5924,44.403095,14000,120,NA,NA,4.5,2,7,5.5,0.1,10,">10,000","5,6,16,68",0.0125,0.0125,0.325,0.325,0.325,,,
211,Tensleep3,Tensleep,MT,MT-S  3000-13000,Big Horn,MT-Big Horn,RkMt-MT Big Horn,BSCP,Saline,Clastic,Eolian,Pennsylvanian,628,-109.172237,45.187064,10000,120,NA,NA,8,4,15,105,10,200,"<10,000","5,6,16,68",0.0125,0.0125,0.325,0.325,0.325,,,
212,Tensleep4,Tensleep,WY,WY-SW,Wyoming Thrust Belt,WY-WTB,RkMt-WY WTB,SWP,Saline,Clastic,Eolian,Pennsylvanian,6902,-110.592718,41.988206,6375,440,2761,137,22,NA,NA,150,10,200,NA,"60,68",0.0125,0.0125,0.325,0.325,0.325,,,
213,Tensleep5,Tensleep,UT,UT-NE,Wyoming Thrust Belt,UT-WTB,RkMt-UT WTB,SWP,Saline,Clastic,Eolian,Pennsylvanian,4436,-111.185568,41.139183,6780,420,2937,144,22,NA,NA,145,10,200,NA,"60,68",0.0125,0.0125,0.325,0.325,0.325,,,
214,Wasatch1,Wasatch,UT,Uinta,Uinta,UT-Uinta,RkMt-UT Uinta,SWP,Saline,Clastic,Alluvial Fan,Tertiary,5803,-109.787924,40.001257,7000,40,3265,125,6,NA,NA,7000,NA,NA,10000,"42,52",0.0125,0.0125,0.325,0.325,0.325,,,
215,Washita-Fredericksburg1,Washita-Fredericksburg,AL,AL-SW,Gulf Coast Onshore,AL-GC Cretaceous,GC-AL Cretaceous,SECARB,Saline,Clastic,Fluvial,Cretaceous,13025,-87.4539,31.3942,6719,868,NA,NA,25,NA,NA,12.3,NA,NA,NA,"59,60,65",0.0125,0.0125,0.325,0.325,0.325,,,
216,Washita-Fredericksburg2,Washita-Fredericksburg,FL,FL-Panhandle,Gulf Coast Onshore,FL-GC Cretaceous,GC-FL Cretaceous,SECARB,Saline,Clastic,Delta,Cretaceous,10473,-85.7796,30.511,5460,678,NA,NA,25,NA,NA,13.3,NA,NA,NA,"59,60",0.0125,0.0125,0.325,0.325,0.325,,,
217,Washita-Fredericksburg3,Washita-Fredericksburg,MS,MS-S,Gulf Coast Onshore,MS-GC Cretaceous,GC-MS Cretaceous,SECARB,Saline,Clastic,Delta,Cretaceous,24761,-89.6805,31.7353,8265,475,NA,NA,18,NA,NA,14.3,NA,NA,NA,"59,60,66",0.0125,0.0125,0.325,0.325,0.325,,,
218,Waste Gate1,Waste Gate,MD,MD,Coastal Plain,MD-Coastal Plain,MD-Coastal Plain,MRCSP,Saline,Clastic,Fluvial,Cretaceous,904,-75.353051,38.439327,4500,800,NA,NA,10,9,27,80,16,122,70000,"a, 15, 44",0.0125,0.0125,0.325,0.325,0.325,,,
219,Weber1,Weber,CO,Piceance - S,Piceance,CO-Piceance,RkMt-Piceance,SWP,Saline,Clastic,Eolian,Pennsylvanian,3496,-107.589686,39.133874,5488,211,2378,122,15,NA,NA,10,NA,NA,109000,42,0.0125,0.0125,0.325,0.325,0.325,,,
220,Weber2,Weber,CO,Piceance - N,Piceance,CO-Piceance,RkMt-Piceance,SWP,Saline,Clastic,Eolian,Pennsylvanian,5438,-108.372587,39.794882,5535,219,2398,123,15,NA,NA,10,NA,NA,109000,42,0.0125,0.0125,0.325,0.325,0.325,,,
221,Weber3,Weber,CO,Sand Wash - S,Sand Wash,CO-Sand Wash,RkMt-Sand Wash,SWP,Saline,Clastic,Eolian,Pennsylvanian,5712,-107.81779,40.608238,8881,363,3878,202,15,NA,NA,2,NA,NA,29430,42,0.0125,0.0125,0.325,0.325,0.325,,,
222,Weber4,Weber,WY,WY-S,Green River,WY-Green River,RkMt-WY Green River,BSCP,Saline,Clastic,Eolian,Pennsylvanian,4815,-106.627097,41.600899,13526,504,5860,255,15,NA,NA,3,NA,NA,40000,"1,56",0.0125,0.0125,0.325,0.325,0.325,,,
223,Winters1a,Winters,CA,Sacramento - S,Sacramento,CA-Sac Cretaceous,CA - Central,WESTCARB,Saline,Clastic,Shallow Shelf,Cretaceous,2069,-121.369673,38.049534,7600,1000,NA,NA,18,15,30,5,10,1700,NA,"3,14,16",0.0125,0.0125,0.325,0.325,0.325,,,
224,Winters1b,Winters,CA,Sacramento - S,Sacramento,CA-Sac Cretaceous,CA - Central,WESTCARB,Saline,Clastic,Shallow Shelf,Cretaceous,2069,-121.369673,38.049534,8600,1000,NA,NA,16,15,30,5,10,1700,NA,"3,14,16",0.0125,0.0125,0.325,0.325,0.325,,,
225,Winters1c,Winters,CA,Sacramento - S,Sacramento,CA-Sac Cretaceous,CA - Central,WESTCARB,Saline,Clastic,Shallow Shelf,Cretaceous,2069,-121.369673,38.049534,9600,1000,NA,NA,14,15,30,5,10,1700,NA,"3,14,16",0.0125,0.0125,0.325,0.325,0.325,,,
226,Wolfcamp1,Wolfcamp,TX,TX-NW,Palo Duro,TX-Palo Duro,W Tx - NM,SWP,Saline,Carbonate,Reef,Permian,15012,-101.642,34.6805,3663,1000,1587,123,12.5,NA,NA,100,0.5,500,NA,"51,60,62,b",0.0125,0.0125,0.325,0.325,0.325,,,
227,Wolfcamp2,Wolfcamp,NM,NM-SE,Tucumcari,NM-Tucumcari,W Tx - NM,SWP,Saline,Carbonate,Reef,Permian,8502,-103.846,34.6309,3663,1000,1587,123,12.5,NA,NA,100,0.5,500,NA,"51,60,62,b",0.0125,0.0125,0.325,0.325,0.325,,,
228,Woodbine1,Woodbine,TX,TX-E,East Texas,TX-East Texas,GC-TX East Texas,SECARB,Saline,Clastic,Fluvial,Cretaceous,13575,-95.574182,31.698111,5500,700,NA,NA,20,NA,NA,500,1,2320,NA,"11,14",0.0125,0.0125,0.325,0.325,0.325,,,
,,,,,,,,,,,,,,,,,,,,,,,,,,,,,,,,,,,
,,,,,,,,,,,,,,,,,,,,,,,,,,,,,,,,,,,
,,,,,,,,,,,,,,,,,,,,,,,,,,,,,,,,,,,
,,,,,,,,,,,,,,,,,,,,,,,,,,,,,,,,,,,
,,,,,,,,,,,,,,,,,,,,,,,,,,,,,,,,,,,
,,,,,,,,,,,,,,,,,,,,,,,,,,,,,,,,,,,
,,,,,,,,,,,,,,,,,,,,,,,,,,,,,,,,,,,
,,,,,,,,,,,,,,,,,,,,,,,,,,,,,,,,,,,
,,,,,,,,,,,,,,,,,,,,,,,,,,,,,,,,,,,
,,,,,,,,,,,,,,,,,,,,,,,,,,,,,,,,,,,
,,,,,,,,,,,,,,,,,,,,,,,,,,,,,,,,,,,
,,,,,,,,,,,,,,,,,,,,,,,,,,,,,,,,,,,
,,,,,,,,,,,,,,,,,,,,,,,,,,,,,,,,,,,
,,,,,,,,,,,,,,,,,,,,,,,,,,,,,,,,,,,
,,,,,,,,,,,,,,,,,,,,,,,,,,,,,,,,,,,
,,,,,,,,,,,,,,,,,,,,,,,,,,,,,,,,,,,
,,,,,,,,,,,,,,,,,,,,,,,,,,,,,,,,,,,
,,,,,,,,,,,,,,,,,,,,,,,,,,,,,,,,,,,
,,,,,,,,,,,,,,,,,,,,,,,,,,,,,,,,,,,
,,,,,,,,,,,,,,,,,,,,,,,,,,,,,,,,,,,
,,,,,,,,,,,,,,,,,,,,,,,,,,,,,,,,,,,
,,,,,,,,,,,,,,,,,,,,,,,,,,,,,,,,,,,
,,,,,,,,,,,,,,,,,,,,,,,,,,,,,,,,,,,
,,,,,,,,,,,,,,,,,,,,,,,,,,,,,,,,,,,
,,,,,,,,,,,,,,,,,,,,,,,,,,,,,,,,,,,
,,,,,,,,,,,,,,,,,,,,,,,,,,,,,,,,,,,
,,,,,,,,,,,,,,,,,,,,,,,,,,,,,,,,,,,
,,,,,,,,,,,,,,,,,,,,,,,,,,,,,,,,,,,
,,,,,,,,,,,,,,,,,,,,,,,,,,,,,,,,,,,
,,,,,,,,,,,,,,,,,,,,,,,,,,,,,,,,,,,
,,,,,,,,,,,,,,,,,,,,,,,,,,,,,,,,,,,
,,,,,,,,,,,,,,,,,,,,,,,,,,,,,,,,,,,
,,,,,,,,,,,,,,,,,,,,,,,,,,,,,,,,,,,
,,,,,,,,,,,,,,,,,,,,,,,,,,,,,,,,,,,
,,,,,,,,,,,,,,,,,,,,,,,,,,,,,,,,,,,
,,,,,,,,,,,,,,,,,,,,,,,,,,,,,,,,,,,
,,,,,,,,,,,,,,,,,,,,,,,,,,,,,,,,,,,
,,,,,,,,,,,,,,,,,,,,,,,,,,,,,,,,,,,
,,,,,,,,,,,,,,,,,,,,,,,,,,,,,,,,,,,
,,,,,,,,,,,,,,,,,,,,,,,,,,,,,,,,,,,
,,,,,,,,,,,,,,,,,,,,,,,,,,,,,,,,,,,
,,,,,,,,,,,,,,,,,,,,,,,,,,,,,,,,,,,
,,,,,,,,,,,,,,,,,,,,,,,,,,,,,,,,,,,
,,,,,,,,,,,,,,,,,,,,,,,,,,,,,,,,,,,
,,,,,,,,,,,,,,,,,,,,,,,,,,,,,,,,,,,
,,,,,,,,,,,,,,,,,,,,,,,,,,,,,,,,,,,
,,,,,,,,,,,,,,,,,,,,,,,,,,,,,,,,,,,
,,,,,,,,,,,,,,,,,,,,,,,,,,,,,,,,,,,
,,,,,,,,,,,,,,,,,,,,,,,,,,,,,,,,,,,
,,,,,,,,,,,,,,,,,,,,,,,,,,,,,,,,,,,
,,,,,,,,,,,,,,,,,,,,,,,,,,,,,,,,,,,
,,,,,,,,,,,,,,,,,,,,,,,,,,,,,,,,,,,
,,,,,,,,,,,,,,,,,,,,,,,,,,,,,,,,,,,
,,,,,,,,,,,,,,,,,,,,,,,,,,,,,,,,,,,
,,,,,,,,,,,,,,,,,,,,,,,,,,,,,,,,,,,
,,,,,,,,,,,,,,,,,,,,,,,,,,,,,,,,,,,
,,,,,,,,,,,,,,,,,,,,,,,,,,,,,,,,,,,
,,,,,,,,,,,,,,,,,,,,,,,,,,,,,,,,,,,
,,,,,,,,,,,,,,,,,,,,,,,,,,,,,,,,,,,
,,,,,,,,,,,,,,,,,,,,,,,,,,,,,,,,,,,
,,,,,,,,,,,,,,,,,,,,,,,,,,,,,,,,,,,
,,,,,,,,,,,,,,,,,,,,,,,,,,,,,,,,,,,
,,,,,,,,,,,,,,,,,,,,,,,,,,,,,,,,,,,
,,,,,,,,,,,,,,,,,,,,,,,,,,,,,,,,,,,
,,,,,,,,,,,,,,,,,,,,,,,,,,,,,,,,,,,
,,,,,,,,,,,,,,,,,,,,,,,,,,,,,,,,,,,
,,,,,,,,,,,,,,,,,,,,,,,,,,,,,,,,,,,
,,,,,,,,,,,,,,,,,,,,,,,,,,,,,,,,,,,
,,,,,,,,,,,,,,,,,,,,,,,,,,,,,,,,,,,
,,,,,,,,,,,,,,,,,,,,,,,,,,,,,,,,,,,
,,,,,,,,,,,,,,,,,,,,,,,,,,,,,,,,,,,
,,,,,,,,,,,,,,,,,,,,,,,,,,,,,,,,,,,
,,,,,,,,,,,,,,,,,,,,,,,,,,,,,,,,,,,
,,,,,,,,,,,,,,,,,,,,,,,,,,,,,,,,,,,
,,,,,,,,,,,,,,,,,,,,,,,,,,,,,,,,,,,
,,,,,,,,,,,,,,,,,,,,,,,,,,,,,,,,,,,
,,,,,,,,,,,,,,,,,,,,,,,,,,,,,,,,,,,
,,,,,,,,,,,,,,,,,,,,,,,,,,,,,,,,,,,
,,,,,,,,,,,,,,,,,,,,,,,,,,,,,,,,,,,
,,,,,,,,,,,,,,,,,,,,,,,,,,,,,,,,,,,
,,,,,,,,,,,,,,,,,,,,,,,,,,,,,,,,,,,
,,,,,,,,,,,,,,,,,,,,,,,,,,,,,,,,,,,
,,,,,,,,,,,,,,,,,,,,,,,,,,,,,,,,,,,
,,,,,,,,,,,,,,,,,,,,,,,,,,,,,,,,,,,
,,,,,,,,,,,,,,,,,,,,,,,,,,,,,,,,,,,
,,,,,,,,,,,,,,,,,,,,,,,,,,,,,,,,,,,
,,,,,,,,,,,,,,,,,,,,,,,,,,,,,,,,,,,
,,,,,,,,,,,,,,,,,,,,,,,,,,,,,,,,,,,
,,,,,,,,,,,,,,,,,,,,,,,,,,,,,,,,,,,
,,,,,,,,,,,,,,,,,,,,,,,,,,,,,,,,,,,
,,,,,,,,,,,,,,,,,,,,,,,,,,,,,,,,,,,
,,,,,,,,,,,,,,,,,,,,,,,,,,,,,,,,,,,
,,,,,,,,,,,,,,,,,,,,,,,,,,,,,,,,,,,
,,,,,,,,,,,,,,,,,,,,,,,,,,,,,,,,,,,
,,,,,,,,,,,,,,,,,,,,,,,,,,,,,,,,,,,
,,,,,,,,,,,,,,,,,,,,,,,,,,,,,,,,,,,
,,,,,,,,,,,,,,,,,,,,,,,,,,,,,,,,,,,
,,,,,,,,,,,,,,,,,,,,,,,,,,,,,,,,,,,
,,,,,,,,,,,,,,,,,,,,,,,,,,,,,,,,,,,
,,,,,,,,,,,,,,,,,,,,,,,,,,,,,,,,,,,
,,,,,,,,,,,,,,,,,,,,,,,,,,,,,,,,,,,
,,,,,,,,,,,,,,,,,,,,,,,,,,,,,,,,,,,
,,,,,,,,,,,,,,,,,,,,,,,,,,,,,,,,,,,
,,,,,,,,,,,,,,,,,,,,,,,,,,,,,,,,,,,
,,,,,,,,,,,,,,,,,,,,,,,,,,,,,,,,,,,
,,,,,,,,,,,,,,,,,,,,,,,,,,,,,,,,,,,
,,,,,,,,,,,,,,,,,,,,,,,,,,,,,,,,,,,
,,,,,,,,,,,,,,,,,,,,,,,,,,,,,,,,,,,
,,,,,,,,,,,,,,,,,,,,,,,,,,,,,,,,,,,
,,,,,,,,,,,,,,,,,,,,,,,,,,,,,,,,,,,
,,,,,,,,,,,,,,,,,,,,,,,,,,,,,,,,,,,
,,,,,,,,,,,,,,,,,,,,,,,,,,,,,,,,,,,
,,,,,,,,,,,,,,,,,,,,,,,,,,,,,,,,,,,
,,,,,,,,,,,,,,,,,,,,,,,,,,,,,,,,,,,
,,,,,,,,,,,,,,,,,,,,,,,,,,,,,,,,,,,
,,,,,,,,,,,,,,,,,,,,,,,,,,,,,,,,,,,
,,,,,,,,,,,,,,,,,,,,,,,,,,,,,,,,,,,
,,,,,,,,,,,,,,,,,,,,,,,,,,,,,,,,,,,
,,,,,,,,,,,,,,,,,,,,,,,,,,,,,,,,,,,
,,,,,,,,,,,,,,,,,,,,,,,,,,,,,,,,,,,
,,,,,,,,,,,,,,,,,,,,,,,,,,,,,,,,,,,
,,,,,,,,,,,,,,,,,,,,,,,,,,,,,,,,,,,
,,,,,,,,,,,,,,,,,,,,,,,,,,,,,,,,,,,
,,,,,,,,,,,,,,,,,,,,,,,,,,,,,,,,,,,
,,,,,,,,,,,,,,,,,,,,,,,,,,,,,,,,,,,
,,,,,,,,,,,,,,,,,,,,,,,,,,,,,,,,,,,
,,,,,,,,,,,,,,,,,,,,,,,,,,,,,,,,,,,
,,,,,,,,,,,,,,,,,,,,,,,,,,,,,,,,,,,
,,,,,,,,,,,,,,,,,,,,,,,,,,,,,,,,,,,
,,,,,,,,,,,,,,,,,,,,,,,,,,,,,,,,,,,
,,,,,,,,,,,,,,,,,,,,,,,,,,,,,,,,,,,
,,,,,,,,,,,,,,,,,,,,,,,,,,,,,,,,,,,
,,,,,,,,,,,,,,,,,,,,,,,,,,,,,,,,,,,
,,,,,,,,,,,,,,,,,,,,,,,,,,,,,,,,,,,
,,,,,,,,,,,,,,,,,,,,,,,,,,,,,,,,,,,
,,,,,,,,,,,,,,,,,,,,,,,,,,,,,,,,,,,
,,,,,,,,,,,,,,,,,,,,,,,,,,,,,,,,,,,
,,,,,,,,,,,,,,,,,,,,,,,,,,,,,,,,,,,
,,,,,,,,,,,,,,,,,,,,,,,,,,,,,,,,,,,
,,,,,,,,,,,,,,,,,,,,,,,,,,,,,,,,,,,
,,,,,,,,,,,,,,,,,,,,,,,,,,,,,,,,,,,
,,,,,,,,,,,,,,,,,,,,,,,,,,,,,,,,,,,
,,,,,,,,,,,,,,,,,,,,,,,,,,,,,,,,,,,
,,,,,,,,,,,,,,,,,,,,,,,,,,,,,,,,,,,
,,,,,,,,,,,,,,,,,,,,,,,,,,,,,,,,,,,
,,,,,,,,,,,,,,,,,,,,,,,,,,,,,,,,,,,
,,,,,,,,,,,,,,,,,,,,,,,,,,,,,,,,,,,
,,,,,,,,,,,,,,,,,,,,,,,,,,,,,,,,,,,
,,,,,,,,,,,,,,,,,,,,,,,,,,,,,,,,,,,
,,,,,,,,,,,,,,,,,,,,,,,,,,,,,,,,,,,
,,,,,,,,,,,,,,,,,,,,,,,,,,,,,,,,,,,
,,,,,,,,,,,,,,,,,,,,,,,,,,,,,,,,,,,
,,,,,,,,,,,,,,,,,,,,,,,,,,,,,,,,,,,