﻿clastic-general-general,0.0679
dolomite-general-general,0.0791
limestone-general-general,0.0613
clastic-alluvial fan-general,0.0622
clastic-delta-general,0.067
clastic-eolian-general,0.0744
clastic-fluvial-general,0.0644
clastic-peritidal-general,0.0606
clastic-slope basin-general,0.0739
clastic-shallow shelf-general,0.0767
clastic-shelf-general,0.0623
clastic-strandplain-general,0.0672
limestone-peritidal-general,0.0561
limestone-reef-general,0.0531
limestone-shallow shelf-general,0.0747
carbonate-peritidal-general,0.0561
carbonate-reef-general,0.0531
carbonate-shallow shelf-general,0.0747
dolomite-peritidal-general,0.0791
dolomite-reef-general,0.0791
dolomite-shallow shelf-general,0.0791
clastic-alluvial fan-anticline,0.1085
clastic-alluvial fan-dome,0.1476
clastic-alluvial fan-incline_10deg,0.0485
clastic-alluvial fan-incline_5deg,0.0529
clastic-alluvial fan-flat,0.046
clastic-alluvial fan-reg_dip,0.049133333
clastic-delta-anticline,0.1096
clastic-delta-dome,0.1551
clastic-delta-incline_10deg,0.0522
clastic-delta-incline_5deg,0.0548
clastic-delta-flat,0.06
clastic-delta-reg_dip,0.055666667
clastic-eolian-anticline,0.1078
clastic-eolian-dome,0.1719
clastic-eolian-incline_10deg,0.0562
clastic-eolian-incline_5deg,0.0617
clastic-eolian-flat,0.0679
clastic-eolian-reg_dip,0.061933333
clastic-fluvial-anticline,0.0892
clastic-fluvial-dome,0.1373
clastic-fluvial-incline_10deg,0.0554
clastic-fluvial-incline_5deg,0.0553
clastic-fluvial-flat,0.0523
clastic-fluvial-reg_dip,0.054333333
clastic-peritidal-anticline,0.0929
clastic-peritidal-dome,0.1697
clastic-peritidal-incline_10deg,0.0456
clastic-peritidal-incline_5deg,0.0474
clastic-peritidal-flat,0.0484
clastic-peritidal-reg_dip,0.047133333
clastic-slope basin-anticline,0.0991
clastic-slope basin-dome,0.2342
clastic-slope basin-incline_10deg,0.0437
clastic-slope basin-incline_5deg,0.0456
clastic-slope basin-flat,0.0494
clastic-slope basin-reg_dip,0.046233333
clastic-shallow shelf-anticline,0.1021
clastic-shallow shelf-dome,0.1853
clastic-shallow shelf-incline_10deg,0.05
clastic-shallow shelf-incline_5deg,0.0612
clastic-shallow shelf-flat,0.0667
clastic-shallow shelf-reg_dip,0.0593
clastic-shelf-anticline,0.1124
clastic-shelf-dome,0.1722
clastic-shelf-incline_10deg,0.0647
clastic-shelf-incline_5deg,0.0634
clastic-shelf-flat,0.0679
clastic-shelf-reg_dip,0.065333333
clastic-strandplain-anticline,0.0948
clastic-strandplain-dome,0.1528
clastic-strandplain-incline_10deg,0.0539
clastic-strandplain-incline_5deg,0.0558
clastic-strandplain-flat,0.0591
clastic-strandplain-reg_dip,0.056266667
limestone-peritidal-anticline,0.0712
limestone-peritidal-dome,0.1082
limestone-peritidal-incline_10deg,0.0453
limestone-peritidal-incline_5deg,0.0497
limestone-peritidal-flat,0.0491
limestone-peritidal-reg_dip,0.048033333
limestone-reef-anticline,0.0698
limestone-reef-dome,0.0889
limestone-reef-incline_10deg,0.0505
limestone-reef-incline_5deg,0.0481
limestone-reef-flat,0.0514
limestone-reef-reg_dip,0.05
limestone-shallow shelf-anticline,0.0864
limestone-shallow shelf-dome,0.1038
limestone-shallow shelf-incline_10deg,0.0646
limestone-shallow shelf-incline_5deg,0.071
limestone-shallow shelf-flat,0.0555
limestone-reef-reg_dip,0.0637
carbonate-peritidal-anticline,0.0712
carbonate-peritidal-dome,0.1082
carbonate-peritidal-incline_10deg,0.0453
carbonate-peritidal-incline_5deg,0.0497
carbonate-peritidal-flat,0.0491
carbonate-peritidal-reg_dip,0.048033333
carbonate-reef-anticline,0.0698
carbonate-reef-dome,0.0889
carbonate-reef-incline_10deg,0.0505
carbonate-reef-incline_5deg,0.0481
carbonate-reef-flat,0.0514
carbonate-reef-reg_dip,0.05
carbonate-shallow shelf-anticline,0.0864
carbonate-shallow shelf-dome,0.1038
carbonate-shallow shelf-incline_10deg,0.0646
carbonate-shallow shelf-incline_5deg,0.071
carbonate-shallow shelf-flat,0.0555
carbonate-shallow shelf-reg_dip,0.0637
dolomite-peritidal-anticline,0.1153
dolomite-peritidal-dome,0.1501
dolomite-peritidal-incline_10deg,0.074
dolomite-peritidal-incline_5deg,0.074
dolomite-peritidal-flat,0.0721
dolomite-peritidal-reg_dip,0.073366667
dolomite-reef-anticline,0.1153
dolomite-reef-dome,0.1501
dolomite-reef-incline_10deg,0.074
dolomite-reef-incline_5deg,0.074
dolomite-reef-flat,0.0721
dolomite-reef-reg_dip,0.073366667
dolomite-shallow shelf-anticline,0.1153
dolomite-shallow shelf-dome,0.1501
dolomite-shallow shelf-incline_10deg,0.074
dolomite-shallow shelf-incline_5deg,0.074
dolomite-shallow shelf-flat,0.0721
dolomite-shallow shelf-reg_dip,0.073366667